,Production,Production Counts
0,Miramax Films,124
1,Sony Pictures,126
2,Columbia Pictures,160
3,20th Century Fox,318
4,Universal Pictures,377
5,Amblin Entertainment,2
6,Orion Pictures Corporation,18
7,Universal City Studios,1
8,Buena Vista,89
9,New Line Cinema,130
10,Gramercy Pictures,15
11,Paramount Pictures,337
12,Warner Bros. Pictures,378
13,Dreamworks Distribution LLC,12
14,Walt Disney Pictures,80
15,Dreamworks,26
16,Dimension Films,28
17,Buena Vista Pictures,95
18,Sony,9
19,Warner Bros. Pictures/Legendary,1
20,Sony/MGM,1
21,DreamWorks/Paramount Studios,4
22,The Weinstein Company,52
23,IMAX,2
24,Sony/Columbia Pictures,7
25,Sony Pictures/Columbia,10
26,Paramount/DWA,1
27,Paramount Studios,20
28,Lionsgate,73
29,Summit Entertainment,40
30,FilmDistrict,8
31,Relativity Media,21
32,DreamWorks Studios,2
33,Universal Studios,28
34,Universal,34
35,Lionsgate Films,60
36,The Weinstein Co.,20
37,Open Road Films,18
38,Warner Bros.,88
39,Film District,2
40,CBS Films,11
41,MGM,162
42,Focus Features,75
43,A24 Films,4
44,LD Entertainment,2
45,Lionsgate/Roadside Attractions,2
46,Sony Pictures Classics,100
47,TriStar Pictures,40
48,Paramount,32
49,Anchor Bay Films,13
50,Entertainment One Pictures,1
51,Indomina Media Inc.,1
52,IFC,9
53,Uncork&#39;d Entertainment,3
54,Tribeca Films,5
55,RLJ Entertainment,1
56,Music Box Films,14
57,Xlrator Media,3
58,Animation Company,1
59,Indican,1
60,Image Entertainment,36
61,Fox Searchlight,33
62,LionsGate Entertainment,43
63,IFC Films,87
64,Radius-TWC,9
65,N/A,924
66,The Film Arcade,3
67,Paris Filmes,1
68,Paramount Pictures/MGM,1
69,Lionsgate/Summit Entertainment,2
70,United Artists,82
71,Twentieth Century Fox,16
72,Universal Films,1
73,MGM/UA,20
74,Hollywood/Buena Vista,1
75,Lions Gate Films,54
76,Buena Vista Distribution Compa,14
77,Fox Searchlight Pictures,55
78,Picturehouse,15
79,Sony Pictures Releasing,12
80,Disney/Pixar,2
81,Paramount Vantage,16
82,Warner Bros. Pictures/Village Roadshow,4
83,Warner Bros. Pictures/Dark Castle,1
84,Sony Pictures/Screen Gems,9
85,Overture Films,15
86,Paramount/Dreamworks,3
87,Sony Pictures/Columbia Pictures,3
88,Walt Disney Pictures/PIXAR,2
89,The Weinstein Company/Dimension,1
90,Summit,1
91,Screen Gems,30
92,Universal Classics,2
93,Gravitas Ventures,1
94,Millennium Entertainment,7
95,Magnolia Pictures,84
96,IFC Films/Sundance Selects,1
97,Millenium Films,1
98,Main Street Films,1
99,Cohen Media Group,4
100,Newmarket Films,8
101,Newmarket Film Group,3
102,Lionsgate Pictures,2
103,Archstone Distribution,1
104,Pure Flix Entertainment,1
105,MGM Home Entertainment,151
106,Orion Pictures,7
107,MCA Universal Home Video,170
108,Warner Bros,3
109,Disney,23
110,Sony Pictures Home Entertainment,344
111,Columbia TriStar International,1
112,DreamWorks SKG,24
113,WB,1
114,Weinstein Co.,2
115,Peace Arch Films,2
116,Rogue Pictures/Focus Features,1
117,Paramount Studios/DWA,1
118,Paramount Studios/Dreamworks,1
119,Lionsgate Fi lms,1
120,Samuel Goldwyn Films,34
121,Millenium Entertainment,9
122,Roadside Attractions,23
123,Phase 4 Films,16
124,Independent Pictures,14
125,The Weinstein Co./Dimension,4
126,Paramount Classics,19
127,Warner Bros Pictures,1
128,Drafthouse Recommends,1
129,Almi Cinema 5,1
130,Warner Home Video,265
131,Artisan Entertainment,35
132,WARNER BROTHERS PICTURES,85
133,Twentieth Century Fox Home Entertainment,148
134,Zebra,1
135,Miramax,103
136,MGM Pictures,6
137,Columbia Tristar Pictures,1
138,Universal Pictures Distributio,1
139,Sony Pictures Entertainment,83
140,20th Century Fox Distribution,3
141,Fox Atomic,6
142,New Line,2
143,Rogue Pictures,5
144,Paramount/Dreamworks Animation,1
145,The Weinstein Company/Dimension Films,3
146,Walt Disney Studios,6
147,Screen Gems/SONY PICTURES,4
148,Sony Pictures Columbia,1
149,Dreamworks Pictures,6
150,Independent Pictures/Metrodome Dist.,1
151,Entertainment One,6
152,Roadside Attraction,1
153,Entertianment One Films,1
154,Gaiam Vivendi Entertainment,1
155,Oscilloscope Pictures,9
156,Magnet Releasing,4
157,MGM/Sidney Kimmel Entertainment,1
158,Universal Focus,4
159,Shining Excalibur Pictures,1
160,Fox,31
161,20th Century Fox Film Corporat,7
162,Touchstone Pictures,78
163,New Line Home Entertainment,63
164,York,1
165,Gramercy Pictures/ USA Films,1
166,Vanguard,6
167,USA Films,18
168,Lions Gate,12
169,Sony/Screen Gems,6
170,MGM/Dimension,1
171,Freestyle Releasing,25
172,Sony Classics,4
173,WAMCR,1
174,BKGTH Productions LLC.,1
175,Tribeca Film,4
176,Weinstein Company,14
177,Wrekin Hill Entertainment,2
178,Anchor Bay Entertainment,83
179,Senator Entertainment,2
180,Great Southern Land Entertainment,1
181,Apparition,3
182,Third Rail Releasing,3
183,STARZ MEDIA LLC.,6
184,ThinkFilm,27
185,Warner Independent Pictures,14
186,HBO Video,113
187,Artisan Home Entertainment,7
188,Walt Disney Productions,33
189,Heimatfilm,1
190,Fox Walden,2
191,Warner Bros. Pictures/New Line Cinema,3
192,Universal/Rogue Pictures,1
193,Rogue Pictures/Universal Studios,1
194,Atlas Distribution,1
195,IFC Midnight,7
196,Assembly Line,1
197,SModcast Pictures,1
198,Anchor Bay,9
199,P.E. Productions,1
200,Icon Pictures,1
201,NeoClassics Films,2
202,MGM/United Artists,5
203,Paramount Home Video,122
204,Metro-Goldwyn-Mayer,4
205,Vestron Video,30
206,MCA/Universal Pictures,3
207,Walt Disney Feature Animation,1
208,PolyGram Films,1
209,Lions Gate Films Inc.,3
210,New Glory Productions,1
211,20th Century Fox/Regency Films,1
212,Warner Bros. Pictures/New Line/Paramount,1
213,Warner Bros. Pictures/Dark Castle Ent.,1
214,Universal Pictures/Spyglass,1
215,Warner Brothers,1
216,Shout! Factory,4
217,MPI Media Group/Dark Sky Films,1
218,Cinedigm Entertainment,5
219,Barbossa/Roadside Attraction,1
220,Rocky Mountain Pictures,3
221,Arc Entertainment,9
222,Momentum Picutres,1
223,Alliance Films,1
224,Revolver Entertainment,6
225,ThinkFilm Inc.,1
226,IFC First Take,10
227,Samuel Goldwyn Company,4
228,Trimark Pictures,9
229,Compass International Pictures,1
230,American International Pictures,16
231,Hollywood Pictures,27
232,Universal Studios Home Video,7
233,Empire Pictures,7
234,Sony/Columbia,1
235,Sony Pictures/TriStar Pictures,2
236,Variance Films,4
237,Dada Films,1
238,IDP/Samuel goldwyn Films,7
239,Icon Entertainment International,1
240,Vivendi Entertainment,5
241,Senator International,1
242,Tartan Films (UK),1
243,Chloe Productions,1
244,Media Home Entertainment,41
245,Zweites Deutsches Fernsehen,1
246,Buena Vista Internationa,7
247,Walt Disney Pictures [us],1
248,Warner Independent,5
249,Focus/Rogue Pictures,1
250,Rogue,1
251,A24,2
252,After Dark Films,11
253,Well Go USA,4
254,7A Productions/Variance Films,1
255,Icon Entertainment,1
256,Bedlam Productions,1
257,SPE Aquisitions,1
258,Hole LLC.,1
259,Tartan Films/TLA Releasing,1
260,Moderncine,1
261,Peace Arch Entertainment,4
262,NCM Fathom,1
263,Fine Line Features,24
264,Nelson Entertainment,20
265,Bryanston Pictures,2
266,20th Century Fox Film Corporation,55
267,CBS Entertainment Production,1
268,Live Home Video,58
269,Tri Star,1
270,Showtime Networks Inc.,4
271,MGM/Columbia,1
272,Warners Bros. Pictures,1
273,Sony Screen Gems,3
274,Picturehouse Entertainment,1
275,IDP Distribution,4
276,Cinedigm,3
277,Hannover House,2
278,Olive Films,2
279,nWave Pictures,1
280,First Look Studios,6
281,Yari Film Group,14
282,Freestyle Releasing/Bauer Martinez Enter,1
283,F.D. Cinematografica,1
284,United Film Distribution Compa,4
285,Waner Bros.,1
286,MGM/UA Entertainment Company,4
287,Hemdale Film Corporation,2
288,Fathom Events,1
289,Happy Madison Productions,1
290,Lion&#39;s Gate Films,1
291,Rogue Pictures (Focus),2
292,DreamWorks/Paramount Distribution,1
293,Roadside Atrractions,1
294,Swan Design Studios,1
295,Metro-Goldwyn-Mayer Studios Inc.,1
296,Lionsgate/Pantelion Films,1
297,Magnolia Releasing,4
298,Rocket Releasing,1
299,Shangri-La Entertainment,1
300,AfterDark Films,1
301,First Look,7
302,Sydney Kimmel Entertainment,1
303,Animation House,1
304,Peace Arch Home Entertainment,1
305,Triumph Films,1
306,Dark Sky Films,3
307,Regent Releasing,6
308,Cinea,1
309,Cinecom Pictures,5
310,ABKCO Films,1
311,Libra Films,1
312,Cannon Films,2
313,Silver Screen Partners IV,2
314,Touchstone Home Entertainment,1
315,The Walt Disney Company,1
316,New Line Cinema.,1
317,Omega Entertainment,2
318,Lions Gate Releasing,14
319,Venus,1
320,MTV Films,2
321,Fox Faith,1
322,Drafthouse Films,3
323,Clarius Entertainment,2
324,Film Movement,2
325,TC Productions,1
326,After Dark Films/Independent Pictures,1
327,PMK-BNC,1
328,Distracted Media &amp; House Lights Media,1
329,MPI Media Group,2
330,Outsider Pictures,1
331,Samual Goldwyn Films,1
332,Touchstone Pictures/Miramax Films,1
333,Nasser Group,1
334,Screen Media Films,5
335,Christal Films,1
336,Absurda Inc.,1
337,The Weinstein Company/MGM,1
338,Fox Home Entertainment,1
339,October Films,5
340,Trimark,31
341,Orion Home Video,30
342,Atlantic,2
343,20th Century-Fox,1
344,MVD Music Video,4
345,A&amp;E Television Networks,2
346,Universal / Warner Bros.,1
347,Mirimax Films,1
348,Wrekin Hill,1
349,Alliance,3
350,Imaeg Entertainment,1
351,Bloody Disgusting Films,1
352,Bankside Films,2
353,Metrodome Group,1
354,Film Sales Company,1
355,Seraphim Films,1
356,Paladin Films,1
357,Fighter Productions,1
358,First Look Pictures,13
359,Roadside Attractions/Samuel Goldwyn,1
360,IFC Entertainment,1
361,Regent Releasing/here! Films,4
362,Dimension Films/The Weinstein Company,1
363,Republic Pictures Home Video,16
364,Seon Films,1
365,PolyGram Video,17
366,International Classics Inc.,1
367,De Laurentiis Entertainment Gr,1
368,Turner Home Entertainment,8
369,PolyGram,3
370,MGM Distribution,1
371,Fantastic Films International,1
372,Disneynature,1
373,Tribeca Films. Well Go USA,1
374,American Zoetrope,1
375,Monterey Media,4
376,Unstoppable Entertainment,1
377,Freak Show Entertainment,1
378,Independant Pictures,1
379,Apipoulai,1
380,Momentum Pictures,1
381,Vertigo Films,3
382,PreviewNetworks,1
383,First Look Home Entertainment,4
384,Fred Berner Films,1
385,Magnolia Pictures/Magnet Pictures,1
386,Sony Entertainment,3
387,Newmarket,1
388,Destination Film,1
389,Dream Entertainment,1
390,AVCO Embassy Pictures,17
391,Samuel Goldwyn,1
392,H.B. Halicki Mercantile Co.,1
393,Rhino Home Video,1
394,Orion Pictures Corp.,1
395,Walt Disney Home Entertainment,6
396,Columbia Pictures Corporation,6
397,Columbia TriStar,3
398,The Film Sales Company,1
399,Sony Classic Pictures,1
400,Chicago Releasing,1
401,E1 Entertainment,9
402,Artist View Entertainment,1
403,Anderson Digital,2
404,Naedomi Media,1
405,Grindstone Entertainment Group,1
406,NGN Productions,1
407,Paladin,2
408,Ruby Films,1
409,Producers Releasing Corporation,1
410,Entertainment One Films,1
411,Syndicate Films,1
412,First Look Media,2
413,Hart Sharp Video,3
414,Silver Sphere Corporation,1
415,Palm Pictures,6
416,Wellspring Media,2
417,DEJ Productions,2
418,ARP,1
419,New Zealand Film Commission,2
420,New World,17
421,Jensen Farley Pictures,2
422,New World Video,16
423,Lorimar Home Video,14
424,21st Century Film Corporation,1
425,New Films International,1
426,Metro-Goldwyn-Mayer (MGM),1
427,Lionsgate Releasing,2
428,Crimson Films,1
429,Codex Pictures Limited,1
430,Tribeca,1
431,eOne Entertainment Distribution,2
432,Labor Productions Inc.,1
433,Present Pictures,1
434,120db Films,1
435,Little Film Company,1
436,AMG Entertainment,1
437,Gold Circle Films,1
438,TLA Releasing,4
439,First Independent Pictures,4
440,DisneyToon Studios,1
441,Magnolia Home Entertainment,1
442,Destination Films,5
443,UGC International,1
444,Union Station Media,1
445,Redwood Palms Pictures,1
446,Ghost Logic,1
447,Manhattan Pictures Internation,1
448,Panasia Films Production,1
449,Kushner-Locke Productions,1
450,Severin Films,3
451,A24 and DIRECTV,5
452,National General Pictures,3
453,eRealBiz,1
454,Janus Films,6
455,American International Picture,4
456,Well Go USA Entertainment,1
457,Embassy,5
458,New Line/Columbia Tristar,1
459,Columbia Tri-Star,1
460,Touchstone,2
461,Dreamworks/Paramount,3
462,Touchstone Pictures/Treehouse Films,1
463,The Devil&#39;s Carnival LLC,1
464,Spy Global Media,1
465,Canal Street Films,1
466,Global Cinema Distribution,1
467,Cinetic,1
468,NEM,1
469,Koch Entertainment,1
470,Rampage Entertainment,1
471,Pathé Distribution,1
472,Samuel Goldwyn Film/Red Envelope,1
473,Matson Films,1
474,City Lights Pictures,1
475,Diva,1
476,The Asylum,2
477,Sweetland Films,1
478,October Releasing,1
479,Sherwood,1
480,Filmways Pictures,2
481,Anchor Bay Entertainment Inc.,1
482,Criterion Collection,22
483,Cannon Releasing,2
484,Orion,7
485,Davis Panzer,1
486,Artisan,4
487,Gener8Xion Entertainment,1
488,Yari Film Group Releasing,1
489,Walt Disney Films,1
490,Vuguru,1
491,Electronic Arts,1
492,Bloody Disgusting,1
493,Kaleidoscope,1
494,Wolfe Video,3
495,The Weinistein Company,1
496,G2 Pictures,1
497,Revolution Films,1
498,Cipher Films,1
499,UFD,1
500,Samuel Goldwyn/Roadside,1
501,Genius Products,2
502,Dreamachine,1
503,Event Film,1
504,Xenon Pictures,1
505,Evergreen,1
506,Orion Classics,4
507,WingNut Films,1
508,Island,1
509,Jack H. Harris Enterprises Inc,1
510,South Australian Film,1
511,Laser Media,1
512,Tri-Star Pictures,2
513,Cannon Home Video,8
514,Arts For The Free Spirit,1
515,VVS Films,1
516,Freestlye Releasing,1
517,MGM/The Weinstein Co.,1
518,Cinedigm Films,1
519,Freestyle Digital Media,1
520,Virgil Films,1
521,Darclight Films,2
522,Echo Bridge Entertainment,1
523,Empire Film Group,1
524,New World Pictures,12
525,Unknown,8
526,Screen Media Ventures,5
527,Destination Films and Vertical Entertainment,2
528,Best Film &amp; Video Corp.,1
529,TriStar,4
530,Dreamworks Distribution,1
531,Unison Films,1
532,G.O. Films,1
533,Peace Arch,1
534,M6 Studio,1
535,The Weinstein Co./MGM,2
536,Rysher Entertainment,1
537,Rhino Entertainment,1
538,General Media Entertainment,1
539,Lionsgate Premiere,2
540,Cinerez,1
541,Rank Film Distributors,1
542,Universal/Paramount Pictures,1
543,EMI Films Ltd.,1
544,Cloud Ten Pictures,1
545,Grindstone,1
546,Dimensionwerks,1
547,China Lion Films,1
548,Bloody Disgusting/The Collective,1
549,A-Mark Entertainment,1
550,Vitagraph Films,1
551,Tartan USA,1
552,Grindhouse Entertainment,1
553,Bleiberg Entertainment,1
554,Cinema Libre Studio,2
555,Overture Fillms,1
556,Alliance Atlantis,2
557,United International Pictures,1
558,United Artists Pictures,2
559,Zentropa,1
560,120 Degree Films,1
561,Pacific Films,1
562,FilmFour,1
563,USA Home Entertainment,3
564,Village Roadshow Pictures,2
565,Gramercy,4
566,Dead Alive,1
567,Imperial Entertainment Corp,2
568,Paragon,1
569,AETAS Film Productions,1
570,s,1
571,First Artists,3
572,Tango Entertainment,3
573,Trancas International Films Inc.,1
574,VCI,3
575,All Girl Productions,1
576,Genius Productions,1
577,Bauer Martinez Studios,2
578,Media Talent Group,1
579,Blue Sky Media,1
580,United International,1
581,Pocket Releasing,1
582,Roadshow Entertainment,2
583,7-57 Releasing,1
584,Fragile Films,1
585,HBO Films,17
586,Urban Vision Entertainment,1
587,Argyll Film Partners,1
588,Neverland Films,1
589,Live Entertainment,2
590,Ascot Films,1
591,Strand Releasing,15
592,Golan-Globus Productions,3
593,Analysis,1
594,Crown International Pictures,2
595,Cinerama,2
596,Synapse Films,1
597,Turtle Releasing,1
598,Eureka Entertainment Ltd,2
599,Millimeter Films,1
600,Weintraub Entertainment Group,1
601,Mandeville Films,2
602,MGM Distribution Company,2
603,Overture,1
604,Romar Entertainment,2
605,Fabrication Films,3
606,Echo Bridge,1
607,Yash Raj Films,2
608,MOP Productions,1
609,Burnt Orange Productions,1
610,Ariztical Entertainment,1
611,IDP,1
612,Millennium Films,1
613,RHI Entertainment,7
614,Becker Films,1
615,Sundance Channel Home Entertainment,1
616,Blumhouse,1
617,International Film Circuit,1
618,Australian Film Finance Corporation,2
619,Cowboy Pictures,4
620,Lot 47,1
621,Winstar,1
622,Koch Lorber Films,6
623,Sterling Entertainment,3
624,Academy Entertainment,4
625,Moviestore Entertainment,2
626,Norway Film Development,1
627,Medusa Distribuzione,1
628,RM Films,2
629,Embassy Pictures,1
630,Cannon Film Distributors,1
631,Passport,1
632,Lionsgate Films/Afterdark Films,1
633,Amplify,1
634,GoDigital Manly Movies,1
635,Alliance Atlantis Motion Picture Distrib,1
636,SF Film A/S,1
637,Media 8 Entertainment,1
638,First Look International,3
639,Kindred Media Group,1
640,Major Productions,1
641,Maximum Film Distribution,2
642,Bleeding Hart Films,1
643,Nu Image/Millennium Films,1
644,Mitropoulos Films,1
645,Silver Nitrate Releasing,1
646,Emerging Picrtures,1
647,Cyan Pictures,1
648,Original Media,1
649,Steele Films,1
650,Artisan Pictures,2
651,Napalm Films,1
652,Lot 47 Films,4
653,Excel Entertainment,2
654,Every Guy Productions,1
655,Kino International,3
656,HK Film Corporation,1
657,FEARnet,1
658,Blue Rider Pictures,1
659,Working Title Films,2
660,Columbia Pictures Industries,1
661,Blue Underground,9
662,Associated Film Distribution,3
663,Allied Artists Pictures Corporation,1
664,Buena Vista Distribution Company,2
665,Berwick Street Films,1
666,Goodtimes Home Video,2
667,Sultan Entertainment,1
668,Lorimar Productions,7
669,Sony Video Software,2
670,20th Century Fox Film,1
671,Alive Productions,2
672,Starz Entertainment,1
673,Honey Creek Pictures,1
674,GreeneStreet Films,1
675,Summertime Films,1
676,Corinth Films,1
677,Hatchet Films,1
678,Vision Films,1
679,Maple,1
680,Séville Pictures,2
681,Senator Film,1
682,Oscilloscope Laboratories,2
683,Ascension Pictures,1
684,Convex Group,1
685,Capitol Films,5
686,Hallmark Entertainment,11
687,Seagal/Nasso Productions,1
688,The Shooting Gallery,2
689,PolyGram Filmed Entertainment,1
690,Cine-Source,1
691,A &amp; E,8
692,BBC,7
693,TMS Entertainment,1
694,Analysis Releasing,1
695,Steve Krantz Productions,1
696,RLJ/Image Entertainment,2
697,Mara Films,1
698,US,1
699,Lorimar Film Entertainment,1
700,Paramount Home Entertainment,1
701,Triumph Releasing,1
702,Desintation Film Dist. Corp.,1
703,Big Balloon Adventure Movies,1
704,Dinsdale Releasing,1
705,Gravitas,5
706,Ghosthouse Underground,1
707,Outsider Films,1
708,Videoville Showtime,1
709,Quinta Communications,1
710,Bauer Martinez Distribution,1
711,Freestyle Releasing/Yari Film Group,1
712,Millennium Media Services,2
713,Infinite Entertainment,1
714,High Fidelity Films,1
715,Artistic License Films,1
716,First Look Studio,1
717,Moviehouse Entertainment,2
718,Viacom International,1
719,Mac Releasing,2
720,Nitestar Home Video,1
721,United Artists Pictures/MGM,1
722,Rialto Pictures,3
723,Malibu Bay Films,1
724,Trans World Entertainment,2
725,Virgin Vision,4
726,United Film Distribution,1
727,Channel 4,1
728,SPE Acquisitions,1
729,Vertical Entertainment,1
730,New Yorker Films,11
731,Cinemation Industries,1
732,Metro Goldwyn Mayer,1
733,Carolco Pictures,1
734,Caravan Pictures,3
735,Lyrick,1
736,Priority Films,1
737,Every Tribe Entertainment,1
738,Fearless Angel Productions,1
739,France Film,1
740,October Film,1
741,Silver Nitrate,1
742,MTI Home Video,5
743,G2 Films,1
744,Shoreline Entertainment,1
745,Magic Lamp Releasing,1
746,Zeitgeist Films,7
747,Imperial Entertainment,3
748,Shapiro Glickenhaus,2
749,Fangoria,2
750,"MGM Pictures, Inc.",2
751,Kings Road Entertainment,1
752,Group 1,1
753,Cinema Seven Productions Ltd,1
754,Cheezy Flicks Entertainment,4
755,Capital Films,1
756,Doty-Dayton Productions,1
757,Allied Artists Pictures,1
758,New Concorde Home Entertainment,5
759,Roas Produzioni,1
760,RM International,1
761,Jadran Film,1
762,A-Pix,2
763,Legacy Releasing,1
764,Corra Films,1
765,Full Circle Releasing,1
766,FilmBuff,2
767,Keystone Entertainment,2
768,Brainstorm Media,1
769,MGM Distribution Co,1
770,Spartan Home Entertainment,1
771,Roxie Releasing,2
772,Earthbound Human Productions,1
773,Xenon,2
774,Séville,1
775,Fuji Television Network,1
776,Lions Gate Film,1
777,The Samuel Goldwyn Company,1
778,Lightning Pictures,3
779,Atlantic Releasing Corporation,2
780,Starmaker Entertainment,3
781,American International Pictures (AIP),2
782,Continental Home Video,1
783,Scott Entertainment,1
784,Dino De Laurentiis Company,1
785,Twentieth Century-Fox Film Corporation,1
786,Cannon Films Inc,1
787,Alliance Atlantis Communications,2
788,ThinkFilm Inc,2
789,A. Film Animation Studio,1
790,United Artists Films,2
791,Independent Distribution Partn,1
792,Regent Entertainment,1
793,Fragmighty,1
794,Entertainment Film Distributor,1
795,Cine Bella,1
796,Chal Productions,1
797,Echo Bridge Home Entertainment,3
798,Troma Films,2
799,Zenith Entertainment,1
800,All Channel Films,3
801,Zfilms Inc,1
802,Rank Organisation,3
803,Rochelle Films,1
804,Medusa Produzione,1
805,Scimitar Films,2
806,Rolling Thunder Pictures,1
807,Melvin Simon Productions,1
808,Burbank Studios,1
809,De Laurentiis Entertainment,1
810,Beacon Pictures,1
811,New Zealand,1
812,RTL,1
813,Footprint Films,1
814,Franchise Pictures,1
815,Fireworks Pictures,1
816,Sony Pictures Classic,1
817,Industry Entertainment,1
818,Acorn Media,4
819,Unapix Entertainment,2
820,ContentFilm,1
821,FM Entertainment,1
822,Westchester Films,5
823,Fine Line,1
824,New Horizons,1
825,Broken Lizard,1
826,Guild,1
827,Strange Attractions,1
828,Cinehaus,1
829,Concorde/New Horizons Home Video,7
830,Goldhil Video,1
831,Madacy Home Video,1
832,Electric Pictures,1
833,NHK,1
834,British Screen,2
835,Concorde Pictures,2
836,Central Productions,1
837,MCEG Virgin Entertainment,1
838,Laurel Entertainment,1
839,20th Century Fox Film Corp.,1
840,Astral Films,3
841,Nepenthe Productions,1
842,Virgo International,1
843,VCI Entertainment,3
844,Cinema International Corporation,1
845,Koch Vision,2
846,U.I.P.,1
847,Cannon Group,7
848,De Laurentiis Entertainment Group,1
849,TAFT Entertainment Pictures,1
850,Rocky Mountain,1
851,IMAX/Walt Disney Pictures,1
852,Filmes Cinematografica,1
853,Leucadia Film Corporation,1
854,Arenas Entertainment,1
855,Catchlight Films,1
856,Indican Pictures,1
857,Keystone Pictures,1
858,Providence Entertainment,1
859,Eclectic DVD Distribution,1
860,Troma Entertainment,1
861,Redbus Film Distribution,1
862,Code Red,1
863,Gold Circle Releasing,1
864,Wellspring Media Inc.,3
865,Cult Video,1
866,Goodman-Rosen Productions,1
867,Vestron Pictures,3
868,Worldvision Home Video,4
869,Gaumont,3
870,Grindstone Media,1
871,Scary Movies LLC,1
872,Carlo Ponti Productions,1
873,Cinematograph,1
874,Film Ventures International (FVI),1
875,Hammer Films,1
876,Faces Distributing Corporation,1
877,Gorilla Pictures,1
878,Mid-America Releasing,1
879,Video Treasures,2
880,Cinema Group,1
881,GT Media,1
882,Storm King Productions,1
883,LolaFilms,1
884,Icon Film Distribution Ltd.,1
885,New City Releasing,1
886,8X Entertainment,1
887,Filmsnoir Motion Pictures,1
888,Innovation Film Group,2
889,Unapix,1
890,Overseas Filmgroup,1
891,Angelika Films,1
892,Fries Home Video,1
893,Vestron Pictures Ltd.,1
894,Motion Picture Marketing,1
895,Island Pictures,2
896,Rockers Film Corporation,1
897,Bryanston Films,1
898,Troma,3
899,Scotia International,1
900,Toho Company Ltd.,1
901,Dynamite Entertainment,1
902,RCA Video,1
903,Levitt-Pickman Film Corporation,1
904,Argent Films,1
905,RCA/Columbia,2
906,Filmkameratene AS,1
907,Cheung Yau Production Co.,1
908,Kagan Company Radio Telegraph,1
909,Intra Films,1
910,Bedford Entertainment,1
911,Avenue Pictures Productions,1
912,Franco London Films,4
913,UGC Distribution,1
914,Parallax Pictures,1
915,Prism Entertainment,2
916,Film Four International,2
917,London Weekend Television,1
918,Mars Distribution,1
919,American Cinema,1
920,Joseph Green Pictures,1
921,Hallmark Releasing Corp.,1
922,Taylor-Laughlin Distribution,2
923,Palm Beach Pictures,1
924,Lion&#39;s Share Pictures,1
925,Dimension Pictures,1
926,S&amp;T-Film Berlin,2
927,Allied Artists,1
928,Rialto Films,1
929,Holmby Pictures,1
930,Compact Video Systems Inc.,1
931,International Coproductions,1
932,Simitar,1
933,Shapiro Glickenhaus Entertainment,1
934,Howco International,1
935,Creswin Distribution,1
936,Malofilm Communications,1
937,Compact Yellowbill,1
938,Island Alive,1
939,Joseph Brenner Associates,1
940,Saiko,1
941,Irwin Yablans Company,1
942,April Fools,1
943,Film Ventures International,1
944,Shaw Brothers,1
945,Cinegate Ltd.,1
946,Elite Entertainment,1
947,J. Arthur Rank Productions,1
948,Independent International Pictures Corp.,1
949,Cinemation,2
950,Ambassador Film Distributors,1
951,Twentieth Century Fox Film Corporation,1
952,Rusconi Film,1
953,A.M.A. Film,1
954,Compagnie Commerciale Française Cinématographique,1
955,Brut Productions,1
956,Private Screenings,1
957,Arista Films,1
958,Robert Halmi Productions,1
959,Norstar Releasing,1
960,Arenafilm,1
961,Full Moon,3
962,Dimension Pictures Inc.,2
963,Cinepix,1
964,Brent Walker,1
965,Independent Film Distributors,1
966,"Charles Band, Ltd.",1
967,MVD Entertainment Group,3
968,New Video Group,4
969,Dugong Films,1
970,Lewis Motion Picture Enterprises,1
971,Europix International,1
972,Amicus Productions,1
973,Sunn Classic Pictures,1
974,Cerito Films,1
975,General Film Corporation,1
976,The American Film Theatre,1
977,Euro International Films,1
978,Progress,1
979,Bing Crosby Productions,1
980,Lira Films,1
981,Action Films,1
982,Filmverlag der Autoren,1
983,E.D. Corporation,1
984,ABS-CBN,1
985,B.E.E.,1
986,Cineplex Odeon / Nelvana,1
987,New Visions,1
988,Monarch Home Video,1
989,Vox Film,1
990,Criterion Pictures Corp.,1
991,Anglo-EMI Productions Ltd.,2
992,Svensk Filmindustri,1
993,Cinerama Releasing Corporation,1
994,Anglo-EMI Film Distributors,1
995,Showking Films,1
996,Jack H. Harris Enterprises,1
997,III Star Releasing,1
998,Picturmedia,1
999,Cinemaster S.r.l.,1
1000,Paragon Home Video,1
1001,Toho Company,1
1002,Kibbee &amp; Hargrove Productions,1
1003,Hanna-Barbera Productions,2
1004,Criterion,1
1005,Mulberry Square Releasing,1
1006,National Geographic,2
1007,Lightsource,1
1008,Netflix,6
1009,Lionsgate Films/Summit Entertainment,1
1010,Big Pictures,1
1011,Eros Entertainment,1
1012,20th Century Fox/Emerging Pictures,1
1013,ATO Pictures,3
1014,The Film District,1
1015,New Line Cinema/Warner Bros. Pictures,1
1016,Rosebud Communications Releasing,1
1017,Inferno Entertainment,1
1018,The Orchard,1
1019,Fever Productions,1
1020,"Quite Nice Pictures, LLC",1
1021,Nickelodeon Movies,1
1022,Lili Claire Communications,1
1023,Vanguard Cinema,1
1024,Tartan Films,1
1025,Magnet/Magnolia Pictures,1
1026,Sherwood Pictures,1
1027,Screenvision,1
1028,Metro-Goldwyn-Mayer Pictures,1
1029,Benaroya Pictures,1
1030,Moving Pictures,1
1031,Speakeasy Releasing,1
1032,Samuel Goldwyn Films/Destination Films,1
1033,Celador Films,1
1034,Magnolia,4
1035,Cineplex-Odeon Films,1
1036,Lightning Entertainment,1
1037,GKIDS,1
1038,Filmgraphics Entertainment,1
1039,Crane Movie Company,1
1040,Aries Films,1
1041,Wolfe Releasing,1
1042,The Jerry Gross Organization,1
1043,Indomina Releasing,1
1044,Well Go,1
1045,Contender,1
1046,Leo Films,1
1047,Octagon Films,1
1048,American Cinemateque,1
1049,Senza Pictures,1
1050,Cannon Pictures,1
1051,GGrindstone Entertainment Group,1
1052,TSG Pictures,1
1053,Halfway House Entertainment,1
1054,905 Corporation,1
1055,Avatar Films,1
1056,41 Inc.,1
1057,Cohiba Pictures,1
1058,Bedford Entertainment Inc.,1
1059,Red Envelope Entertainment,1
1060,Milkshake Films,1
1061,Produzioni Europee Associati,1
1062,Comedy House,1
1063,Argos Films,1
1064,Kino on Video,4
1065,Nordisk Film Biografdistributi,2
1066,Tribecca Film,1
1067,Screen Media,2
1068,Lifesize Entertainment,2
1069,Mainline Pictures Ltd,1
1070,Good Machine,1
1071,Sony Pictures Releasing International,1
1072,Rajshri Media,2
1073,BMG,3
1074,France 2 Cinéma,1
1075,Tomorrow Entertainment,5
1076,Syndctd Entertainment,1
1077,Lions Gate Films Releasing,1
1078,Vestron UK Ltd.,1
1079,American National Enterprises,1
1080,De Laurentiis Entertainment Group (DEG),1
1081,British Columbia Films,1
1082,Zubara Films,1
1083,Hemdale,1
1084,Cine Artists,1
1085,Nora Film Ltd.,1
1086,Access Motion Picture Group,1
1087,Fries Entertainment,1
1088,British Screen Productions,1
1089,Centaur,1
1090,Asian Crush,3
1091,Shochiku Co. Ltd.,1
1092,Shooting Gallery,1
1093,The Film Collaborative,1
1094,Independent Bollywood,1
1095,Behind the Sun Productions,1
1096,American Film Theatre,2
1097,World Northal,1
1098,Continental Films,1
1099,DDM Film Corporation,1
1100,SCHRAMM FILM Koerner &amp; Weber,1
1101,Brian Distributing,1
1102,CFS Releasing,1
1103,Condor Pictures,1
1104,Bacannia Entertainment,1
1105,Effigy Films,1
1106,Paragon Films Inc.,1
1107,J.E.D. Productions,1
1108,Divina-Film,1
1109,Tip Top Entertainment,1
1110,Sara Films,1
1111,Show East,1
1112,Trinacra Films,1
1113,D.A. Films,1
1114,City Records,1
1115,Toei Company,1
1116,Zespol Filmowy,1
1117,Axiom Films,1
1118,Tenafly Film Co.,1
1119,Introverted Films,1
1120,TriStar/FilmDistrict,1
1121,Maverick Entertainment,1
1122,Exhibition On Screen,1
1123,Carnaby International,1
1124,Apparition Films,1
1125,GreyCat Films,1
1126,National Geographic Entertainment,2
1127,Picture House,1
1128,Magnolia Distribution,1
1129,Indomina Films,1
1130,Shop Korn Productions,1
1131,Funny or Die,1
1132,Eone Films,1
1133,VH1 Television,1
1134,The Works Film Group,1
1135,Fuego Films,1
1136,Mosfilm Studios,1
1137,Savoy Pictures,1
1138,Lipsync Productions,2
1139,Excel Entertainmen,1
1140,Elysian Films,1
1141,Peninsula Films,1
1142,Film Foundry Releasing,1
1143,Optimum Releasing,1
1144,Home Box Office,1
1145,Four Square,1
1146,Beaver Productions,1
1147,Indiepix,1
1148,Curzon Film Distributors,1
1149,Independent Films,1
1150,Maelstrom,1
1151,Brightlight Pictures,1
1152,D&amp;E Entertainment,1
1153,HBO Documentary,1
1154,Lemmy Movie,1
1155,Catagory One Films,1
1156,DocComTV,1
1157,Abramorama,1
1158,Sony Picture Classics,1
1159,Powderhouse Productions,1
1160,Kino Lorber Films,1
1161,Werner Herzog Filmproduktion,2
1162,The Cinema Guild,1
1163,Shine Global,1
1164,NCM/ Fathom,1
1165,National Geographic Cinema Ventures,1
1166,Bless Bless Productions,1
1167,Tremelo Productions,1
1168,Third Planet Productions,1
1169,Wellspring,1
1170,Parakletos Productions,1
1171,Channel 4 Television,1
1172,HBO Documentary Films,5
1173,S2BN Films,1
1174,Classic Productions,1
1175,Harbor Productions,1
1176,Concorde Film,1
1177,BBC One,1
1178,ITV,4
1179,SnagFilms,1
1180,Florentine Films,2
1181,Adventure Pictures,1
1182,Creative Differences,1
1183,InterPositive Media,1
1184,International Cinema Corporation,1
1185,Eighty Four Films,1
1186,HBO,9
1187,Peter Jones Productions,1
1188,Docurama,3
1189,Greif Company,1
1190,Odeon Films,1
1191,Cloud South Films,1
1192,World of Wonder,1
1193,Chaise Lounge Productions LLC,1
1194,Turner Classic Movies,1
1195,B-Side Entertainment,1
1196,Automat Pictures,2
1197,Theatrical Experience,1
1198,First Run Entertainment,1
1199,Arthouse Films,3
1200,Lagniappe,1
1201,Anglia Television Ltd,1
1202,Cowboy Booking International,1
1203,First Run Features,9
1204,Seventh Art Productions,1
1205,Panthéon Productions,1
1206,Film Threat,1
1207,The Film Desk,1
1208,WG Film,1
1209,ArtMattan Productions,2
1210,First Look Pictures Releasing,1
1211,Emerging Pictures,2
1212,World of Wonder Productions,1
1213,Dramatic Forces,1
1214,Zeitgeist,1
1215,Globo Filmes,1
1216,Part2 Pictures,1
1217,Shadow Distribution,1
1218,Lorber Films,2
1219,Castle Hill Productions,2
1220,Timeline Films,1
1221,Rocket Fuel Films,1
1222,New Liberty Productions,1
1223,Lorac Productions,2
1224,Charles M Schulz Creative Associates,1
1225,Mantle,1
1226,Independent Film Channel,1
1227,Ubin Twinz Productions,1
1228,Turner Classic Movies (TCM),1
1229,Turner Network Television,1
1230,Frank Capra Productions,1
1231,Four Oaks Foundation,1
1232,Two Lions Productions,1
1233,Newmarket Films LLC,1
1234,NCM/Fathom,1
1235,Surrogate,1
1236,HanWay Films,1
1237,Liberty Studios,1
1238,Kurosawa Production Co.,1
1239,Contender Entertainment Group,1
1240,Samuel Goldwyn Films LLC,1
1241,Nordisk Film Biograf Distribution,1
1242,R.S. Entertainment Inc.,1
1243,Bontonfilm,1
1244,Cinevista,1
1245,Produzioni Europee Association,1
1246,Independant Films,1
1247,Black Sand Productions,1
1248,Oscilloscope,1
1249,Excel Entertainment Group,1
1250,Kino Lorber,1
1251,Inception Media Group,1
1252,Win&#39;s Entertainment Ltd.,1
1253,Hammond Entertainment,1
1254,Worldwide,1
1255,Slowhand Releasing,1
1256,Libra Films International,1
1257,Filmel,1
1258,Cine Manifest,1
1259,PBS Home Video,2
1260,Typecast Releasing,1
1261,Road Movies Filmproduktion,1
1262,The Promise Documentary,1
1263,Kaga Bay,1
1264,RM Associates,1
1265,Level 33 Entertainment,1
1266,Catherine Dussart Productions,1
1267,Cabin Fever Entertainment Inc,1
1268,Mental Slapstick,1
1269,Candlelight Media,1
1270,Hakuhodo DY Media Partners,1
1271,Bible Society,1
1272,Film Corp. of Western Australia,1
1273,Kasander Film Company,1
1274,Two Shoes Productions,1
1275,Guerilla Works LLC,1
1276,Hill-Mandelker Films,1
1277,Muse Entertainment Enterprises,1
1278,Bad Angels Productions,1
1279,Kindle Entertainment,1
1280,Reel World Management,1
1281,ABC Circle Films,3
1282,GWave Productions,2
1283,Sudden Motion Productions,1
1284,Walt Disney Studios Home Entertainment,1
1285,20th Century Fox Television,2
1286,Disney Channel Productions,2
1287,NBC,2
1288,Von Zerneck Sertner Films,1
1289,Close to Home,1
1290,Electric Entertainment,2
1291,Disney-ABC Domestic Television,2
1292,WGBH Boston Video,3
1293,ITV Studios,1
1294,Millbrook Farm Productions,1
1295,Lifetime Television,2
1296,Martin Chase Productions,1
1297,Bachrach/Gottlieb Productions,1
1298,Mandeville Films/TV,1
1299,CBS Television,3
1300,FX Network,1
1301,Just Singer Entertainment,3
1302,Alan Sacks Productions,1
1303,Public Broadcasting Service,1
1304,ABC,3
1305,Robert Shapiro Productions,1
1306,Columbia TriStar Television,2
1307,Karz Entertainment,2
1308,Singer/White Productions,1
1309,Davis Entertainment,2
1310,Fox Television Studios,2
1311,"Disney Enterprises, Inc.",2
1312,Stu Segall Productions,1
1313,Walt Disney Television,1
1314,Rankin-Bass Productions,1
1315,Hearst Entertainment Productions,1
1316,Cairo/Simpson Entertainment,1
1317,NBC Universal Television,1
1318,Spelling-Goldberg Productions,1
1319,Aviator Films,1
1320,CBS,2
1321,Home Box Office (HBO),2
1322,Face Productions,1
1323,Working Title Television,1
1324,PBS,1
1325,It&#39;s a Laugh Productions,1
1326,Bullet Films,1
1327,Eye Film and Television,1
1328,Shadow Cave Pictures,1
1329,Orly Adelson Productions,2
1330,American World Pictures,1
1331,Syfy,1
1332,FUNimation,1
1333,Hallmark Hall of Fame Productions,1
1334,Dick Clark Productions,1
1335,Salty Pictures Inc.,1
1336,Brookwell-McNamara Entertainment,1
1337,Lakeside Productions,1
1338,Transfilm,1
1339,MPI Home Video,2
1340,Good Times,1
1341,J.D. Feigelson,1
1342,Scott Free Productions,1
1343,Tisch-Avnet Productions,1
1344,Blum Israel,1
1345,Di Novi Pictures,1
1346,Disney Channel,2
1347,Turner Entertainment,1
1348,Hearst Entertainment &amp; Syndication,1
1349,Chanticleer Films,1
1350,Turner Network Television (TNT),1
1351,Babylonian Productions,2
1352,Above Average Production Company,1
1353,American Broadcasting Company,2
1354,Greengrass Productions,1
1355,De Passe Entertainment,1
1356,Chestnut Hill,1
1357,Alliance Atlantis Television Productions,1
1358,WGBH Boston,1
1359,Talent Associates,2
1360,Storyline Entertainment,1
1361,British Broadcasting Corporation (BBC),1
1362,Granada Television,2
1363,Great Meadow Productions,1
1364,BBC Films,1
1365,Viacom Productions,1
1366,Cabin Fever Entertainment,1
1367,RAI,1
1368,Societe de Francais Production,1
1369,Tyne Tees Television,1
1370,Lube Productions,1
1371,Marble Arch Productions,1
1372,MR Filmproduktion,1
1373,A&E Television Networks,1
1374,Ixtlan,1
1375,Marian Rees Associates,1
1376,Frank and Bob Films II,1
1377,The Science Channel,1
1378,Tightrope Productions,1
1379,Paramount Television,4
1380,Warner Bros. Television,2
1381,Direct Source Special Products,1
1382,Rankin/Bass Productions,2
1383,Metromedia Producers Corporation,1
1384,Universal TV,4
1385,Community Television of Southern California,1
1386,Gaumont British Picture Co.,1
1387,Fremantle Media,1
1388,Fast Carrier Pictures,1
1389,Citadel Entertainment,1
1390,Cypress Point Productions,1
1391,Konigsberg Company,1
1392,Chotzen/Jenner Productions,1
1393,David L. Wolper Productions,1
1394,Harve Bennett Productions,1
1395,Wolper Productions,1
1396,Telecom Entertainment,1
1397,NRW Film Fund,1
1398,Hawkins/Permut Productions,1
1399,"History Channel, The",1
1400,MTV Original Films For Television,1
1401,MTV Animation,1
1402,Meridian Broadcasting,1
1403,Syzygy Productions,1
1404,Moffitt-Lee Productions,1
1405,Tolin Productions,1
1406,Carlton International Media Group,1
1407,Chum Television,1
1408,Mandy Films,1
1409,Gaylord Productions,1
1410,Telepictures,1
1411,ATV,1
1412,Titus Productions,1
1413,Spectrum Films International,1
1414,Rosemont Productions International,1
1415,Passion River Films,1
1416,Crime and Punishment Productions Ltd.,1
1417,Cookie Jar Entertainment,1
1418,WGBH,2
1419,Channel 4 Television Corporation,1
1420,David Gerber Productions,1
1421,Pathfinder Home Entertainment,1
1422,Finnegan-Pinchuk Productions,1
1423,Chris-Rose Productions,1
1424,EMI TV,1
1425,Good Housekeeping Productions,1
1426,CBS Entertainment (Network),1
1427,Taft Entertainment Television,1
1428,Flextech Television Limited,1
1429,MasterVision,1
1430,The Miles Company,1
1431,Sophisticated Films,1
1432,Disney/Marvel,1
1433,Marvel Studios,3
1434,Space Rocket Nation,1
1435,Groundswell,1
1436,DreamWorks Animation,4
1437,Film4,1
1438,Amazon Studios/Bleecker Street Media,1
1439,Neue Road Movies,1
1440,Gatlin Pictures,1
1441,Eclectic Pictures,1
1442,Blumhouse Productions,1
1443,"Saban Films, Lionsgate",1
1444,Kylin Pictures,1
1445,Saban Films,2
1446,Relativity Europacorp Distribution,1
1447,Relativity Studios,1
1448,Aviron Pictures,1
1449,Summit Entertainment.,1
1450,Broken Road Productions,1
1451,Sony Films,1
1452,Walt Disney Animation Studios,1
1453,Warner Bros. Pictures/Legendary Pictures,1
1454,Simon West Productions,1
1455,STX Entertainment,1
1456,Illumination Entertainment,1
1457,Bad Robot Productions,1
1458,Amazon Studios,1
1459,Summit Premiere,1
1460,Freestyle Releasing LLC.,1
1461,BH Tilt,1
1462,Miramax/Broad Green,1
1463,Studio 71,1
1464,Amazon Studios/Roadside Attractions,1
1465,Paragon Pictures,1
1466,Riverstone Pictures,1
1467,Broad Green Pictures,1
1468,Leverage Management,1
1469,Killer Films,1
1470,Rabbit Bandini Productions,1
1471,Waypoint Entertainment,1
