,Director,Director Counts
0,Quentin Tarantino,9
1,Marc Webb,4
2,Frank Darabont,5
3,George Lucas,5
4,Robert Zemeckis,19
5,John Hughes,8
6,Richard Donner,15
7,Jonathan Demme,16
8,Steven Spielberg,29
9,"Roger Allers, Rob Minkoff",1
10,David Fincher,9
11,John Lasseter,1
12,"Joel Coen, Ethan Coen",10
13,"Lana Wachowski, Lilly Wachowski",6
14,Ridley Scott,21
15,Bryan Singer,10
16,Chris Columbus,15
17,Peter Jackson,14
18,Rob Cohen,10
19,"Andrew Stanton, Lee Unkrich(co-director)",1
20,Adam McKay,5
21,Mark Waters,9
22,"Frank Miller, Robert Rodriguez, Quentin Tarantino",1
23,Christopher Nolan,9
24,Martin Scorsese,26
25,James McTeigue,3
26,Martin Campbell,11
27,Michael Bay,11
28,Jon Favreau,7
29,Marc Forster,8
30,Ben Stiller,5
31,Stephen Sommers,7
32,Todd Phillips,10
33,J.J. Abrams,6
34,Pierre Morel,4
35,"Pete Docter, Bob Peterson(co-director)",1
36,Gavin Hood,3
37,Ruben Fleischer,3
38,Roland Emmerich,12
39,James Cameron,10
40,"Pierre Coffin, Chris Renaud",2
41,Dennis Dugan,14
42,"Dean DeBlois, Chris Sanders",2
43,Matthew Vaughn,5
44,Robert Schwentke,6
45,Joseph Kosinski,2
46,Lee Unkrich,1
47,Nicolas Winding Refn,10
48,Justin Lin,8
49,David Yates,7
50,Neil Burger,5
51,Rob Marshall,6
52,Tate Taylor,1
53,Andrew Niccol,6
54,"Phil Lord, Christopher Miller",3
55,"Jon Hurwitz, Hayden Schlossberg",2
56,Joss Whedon,3
57,Peter Berg,7
58,Tony Gilroy,3
59,"Mark Andrews, Brenda Chapman, Steve Purcell(co-director)",1
60,Drew Goddard,2
61,Jay Roach,10
62,"Tom Tykwer, Lana Wachowski, Lilly Wachowski",1
63,Tim Burton,18
64,Pete Travis,4
65,David Ayer,6
66,Simon West,9
67,Anne Fletcher,5
68,Frank Coraci,6
69,Genndy Tartakovsky,1
70,Christopher McQuarrie,3
71,Andrew Stanton,2
72,Andrew Dominik,4
73,John Hillcoat,5
74,Ang Lee,11
75,Rian Johnson,4
76,Steven Soderbergh,21
77,Asger Leth,1
78,RZA,1
79,Paul Thomas Anderson,7
80,Barry Sonnenfeld,10
81,Andy Fickman,7
82,Nima Nourizadeh,1
83,Dan Bradley,1
84,Peter Ramsey,1
85,Oliver Stone,18
86,Martin McDonagh,2
87,Scott Derrickson,4
88,Sam Mendes,7
89,Rupert Sanders,2
90,Olivier Megaton,3
91,Seth MacFarlane,2
92,Sean Anders,2
93,Judd Apatow,5
94,Len Wiseman,4
95,Gus Van Sant,15
96,Rich Moore,1
97,Sam Raimi,14
98,John Moore,5
99,Danny Boyle,11
100,Harmony Korine,4
101,Don Scardino,2
102,Henry Alex Rubin,1
103,Jeff Nichols,4
104,Robert Redford,9
105,Antoine Fuqua,10
106,Derek Cianfrance,2
107,Jon M. Chu,4
108,"Kirk DeMicco, Chris Sanders",1
109,Michael Tiddes,2
110,Zack Snyder,9
111,Guillermo del Toro,7
112,Francis Lawrence,4
113,Gore Verbinski,10
114,James Mangold,11
115,Neill Blomkamp,3
116,M. Night Shyamalan,11
117,Shane Black,4
118,"Evan Goldberg, Seth Rogen",2
119,Alan Taylor,2
120,Louis Leterrier,5
121,Jeff Wadlow,2
122,Rob Zombie,6
123,Timo Vuorensola,1
124,J.A. Bayona,3
125,"Youssef Delara, Michael D. Olmos",1
126,Brandon Cronenberg,1
127,Joe Wright,6
128,Justin Price,1
129,Lenny Abrahamson,1
130,Fisher Stevens,1
131,David Jacobson,3
132,David Chase,1
133,Travis Fine,1
134,Steven C. Miller,2
135,Kyung Ho Lee,1
136,Troy Duffy,2
137,Brian Helgeland,4
138,Fede Alvarez,1
139,"Malcolm D. Lee, David Zucker",1
140,Allen Hughes,1
141,Kasper Barfoed,1
142,Andy Muschietti,1
143,David A. Armstrong,1
144,Noam Murro,2
145,Tyler Perry,13
146,"Nat Faxon, Jim Rash",1
147,Scott Stewart,3
148,"Robert Crombie, Sofya Skya",1
149,Thor Freudenthal,3
150,Sofia Coppola,5
151,Seth Gordon,5
152,Justin Zackham,2
153,Eran Creevy,1
154,Eli Dorsey,1
155,"Elizabeth Banks, Steven Brill, Steve Carr, Rusty Cundieff, James Duffy, Griffin Dunne, Peter Farrelly, Patrik Forsberg, Will Graham, James Gunn, Brett Ratner, Jonathan van Tulleken, Bob Odenkirk",1
156,Tom Elkins,1
157,Brad Anderson,8
158,Malik Bader,1
159,Tommy Wirkola,1
160,James DeMonaco,1
161,Ric Roman Waugh,2
162,Francis Ford Coppola,14
163,Milos Forman,8
164,Irvin Kershner,7
165,Brian De Palma,21
166,Richard Marquand,5
167,Ivan Reitman,15
168,John Milius,7
169,Stanley Kubrick,4
170,John McTiernan,10
171,Luc Besson,8
172,Michael Mann,10
173,Peter Weir,12
174,Mike Judge,3
175,"John Lasseter, Ash Brannon(co-director), Lee Unkrich(co-director)",1
176,Mary Harron,4
177,Keenen Ivory Wayans,6
178,Guy Ritchie,8
179,"Pete Docter, David Silverman(co-director), Lee Unkrich(co-director)",1
180,Brett Ratner,11
181,"Hayao Miyazaki, Kirk Wise",1
182,F. Gary Gray,7
183,Rawson Marshall Thurber,2
184,"Jeff Schaffer, Alec Berg(co-director), David Mandel(co-director)",1
185,Alfonso Cuarón,5
186,Brad Bird,4
187,Jared Hess,3
188,Edgar Wright,4
189,Paul Haggis,3
190,Andrew Adamson,3
191,Mike Newell,12
192,"John Lasseter, Joe Ranft(co-director)",1
193,Paul Greengrass,6
194,"Ethan Coen, Joel Coen",7
195,"Brad Bird, Jan Pinkava(co-director)",1
196,Greg Mottola,3
197,Doug Liman,9
198,Clint Eastwood,30
199,David Gordon Green,8
200,David Wain,5
201,Timur Bekmambetov,3
202,McG,5
203,Joe Carnahan,5
204,Darren Aronofsky,6
205,"Albert Hughes, Allen Hughes",4
206,Sylvester Stallone,8
207,Nicholas Stoller,3
208,Phillip Noyce,11
209,Ben Affleck,4
210,Jake Kasdan,4
211,Jonathan Liebesman,6
212,"John Lasseter, Bradford Lewis(co-director)",1
213,David Dobkin,6
214,D.J. Caruso,7
215,Carlos Saldanha,3
216,Rupert Wyatt,2
217,Wes Craven,19
218,Duncan Jones,3
219,Jonathan Levine,5
220,Alexander Payne,5
221,George Clooney,5
222,Tarsem Singh,5
223,Shawn Levy,9
224,Tomas Alfredson,3
225,Cameron Crowe,8
226,"Michael Apted, Curtis Hanson",1
227,Bradley Parker,1
228,Josh Trank,2
229,Marcus Dunstan,2
230,Baltasar Kormákur,4
231,Larry Charles,4
232,Josh Schwartz,1
233,Mark Tonderai,2
234,"Steve Martino, Mike Thurmeier",1
235,"James Mather, Steve Saint Leger",1
236,"Chris Renaud, Kyle Balda(co-director)",1
237,"Eric Darnell, Tom McGrath, Conrad Vernon",1
238,Peter Hedges,3
239,"Chris Butler, Sam Fell",1
240,David Koepp,4
241,Paul W.S. Anderson,9
242,Daniel Espinosa,2
243,M.J. Bassett,3
244,Akiva Schaffer,2
245,Jee-woon Kim,2
246,Joon-ho Bong,2
247,Chan-wook Park,2
248,Dan Scanlon,1
249,Kimberly Peirce,3
250,David Twohy,7
251,Spike Lee,20
252,Alonso Mayo,1
253,Benh Zeitlin,1
254,Stefan Ruzowitzky,1
255,Walter Salles,2
256,Lee Daniels,3
257,Pascal Laugier,1
258,Don Coscarelli,7
259,Nick Murphy,1
260,Steve McQueen,2
261,John Madden,10
262,Kathryn Bigelow,8
263,Richard Kelly,3
264,Jim Jarmusch,8
265,Tony Kaye,2
266,Richard Linklater,14
267,James Gunn,3
268,Patrick Hughes,1
269,Conor Allyn,1
270,Niels Arden Oplev,2
271,"Frank Miller, Robert Rodriguez",1
272,"Jon Lucas, Scott Moore",1
273,Taylor Hackford,10
274,Bank Tangjaitrong,1
275,Cal Brunker,2
276,Matt Orlando,1
277,Chris Wedge,2
278,Gabriel Sabloff,1
279,Guy Hamilton,6
280,Rob Reiner,16
281,Barry Levinson,21
282,Paul Verhoeven,8
283,David Mickey Evans,4
284,Alex Proyas,5
285,"Peter Farrelly, Bobby Farrelly",1
286,Terry Gilliam,11
287,Curtis Hanson,11
288,Tom Shadyac,7
289,Joe Johnston,8
290,"Andrew Adamson, Vicky Jenson",1
291,David Zucker,7
292,"Eric Bress, J. Mackye Gruber",1
293,"Eric Darnell, Tom McGrath",2
294,Ken Kwapis,7
295,Jay Chandrasekhar,6
296,Tim Story,7
297,Christophe Gans,2
298,Edward Zwick,10
299,Xavier Gens,2
300,"Mark Osborne, John Stevenson",1
301,Gabriele Muccino,3
302,Ron Howard,23
303,Peter Billingsley,1
304,Harald Zwart,6
305,Tom McGrath,2
306,Nimród Antal,3
307,Mike Mitchell,5
308,Tony Scott,16
309,Patrick Lussier,4
310,Michel Gondry,6
311,James Wan,8
312,Jennifer Yuh Nelson,1
313,Catherine Hardwicke,5
314,Jaume Collet-Serra,5
315,Stephen Daldry,5
316,Gary McKendry,1
317,James Bobin,2
318,Chris Miller,2
319,"Mike McCoy, Scott Waugh",1
320,Mabrouk El Mechri,1
321,Heitor Dhalia,1
322,Brad Peyton,3
323,Scott Hicks,8
324,"Henry Joost, Ariel Schulman",2
325,Ole Bornedal,3
326,Gareth Evans,1
327,Robert Lorenz,1
328,"Måns Mårlind, Björn Stein",2
329,James Watkins,2
330,"Jen Soska, Sylvia Soska",1
331,Philipp Stölzl,2
332,Stephen Frears,21
333,Jake Schreier,1
334,David Guy Levy,1
335,Walter Hill,19
336,Michael Hoffman,9
337,Rodrigo Cortés,2
338,Nicholas Jarecki,1
339,Barry Battles,1
340,Terrence Malick,8
341,William Friedkin,13
342,Debra Granik,1
343,Gregory Read,1
344,Kurt Wimmer,2
345,Gareth Edwards,2
346,Paul Feig,5
347,Jim Sharman,2
348,"Terry Gilliam, Terry Jones",1
349,John G. Avildsen,14
350,John Carpenter,18
351,James L. Brooks,5
352,Wolfgang Petersen,11
353,Joel Schumacher,23
354,Mel Brooks,9
355,Agnieszka Holland,4
356,Lasse Hallström,13
357,Iain Softley,6
358,Robert Rodriguez,12
359,Peter MacDonald,4
360,"Tony Bancroft, Barry Cook",1
361,"John Lasseter, Andrew Stanton(co-director)",1
362,Dominic Sena,6
363,Kevin Smith,10
364,Joel Gallen,3
365,Lee Tamahori,8
366,"Chris Wedge, Carlos Saldanha(co-director)",2
367,John Singleton,9
368,Peter Segal,8
369,Rob Schmidt,2
370,Terry Zwigoff,4
371,Brad Silberling,6
372,"Andrew Adamson, Kelly Asbury, Conrad Vernon",1
373,Andrew Douglas,1
374,Adam Shankman,9
375,George A. Romero,11
376,"Mark Neveldine, Brian Taylor",4
377,Nicholaus Goossen,1
378,"Jonathan Dayton, Valerie Faris",2
379,Paul McGuigan,7
380,Mel Gibson,4
381,Juan Carlos Fresnadillo,2
382,Kirsten Sheridan,2
383,Gabor Csupo,2
384,Matt Reeves,4
385,Oren Peli,1
386,Robert Luketic,7
387,"Byron Howard, Chris Williams",1
388,Eric Brevig,2
389,Shane Acker,1
390,Peter Cornwell,1
391,Dennis Iliadis,1
392,Grant Heslov,1
393,"Rob Letterman, Conrad Vernon",1
394,Nick Cassavetes,5
395,Christian Alvart,2
396,Michael Apted,23
397,George Tillman Jr.,4
398,Steve Pink,3
399,Paul Weitz,6
400,"Ethan Maniquis, Robert Rodriguez",1
401,Alexandre Aja,4
402,Jon Turteltaub,9
403,Tim Hill,4
404,Raja Gosnell,8
405,Chris Gorak,2
406,Craig Gillespie,4
407,"George Miller, Gary Eck(co-director), David Peers(co-director)",1
408,Matthijs van Heijningen Jr.,1
409,Alex Kurtzman,2
410,"Peter Lord, Jeff Newitt(co-director)",1
411,"Bobby Farrelly, Peter Farrelly",10
412,Shane Carruth,2
413,Susanne Bier,3
414,Ben Wheatley,3
415,John Gulager,2
416,David Cronenberg,18
417,Ken Loach,8
418,Wayne Thornley,1
419,Morgan O'Neill,1
420,Tom Vaughan,4
421,Dustin Hoffman,1
422,Josh Radnor,2
423,Nick Love,4
424,Adrian Grunberg,1
425,April Mullen,1
426,Declan O'Brien,2
427,James Marsh,3
428,Evan Oppenheimer,1
429,Lynne Ramsay,3
430,Derick Martini,2
431,Paolo Sorrentino,1
432,Mike Cahill,2
433,Lars von Trier,8
434,Eli Craig,2
435,David Lynch,12
436,Larry Clark,3
437,John Landis,16
438,Wes Ball,2
439,José Padilha,2
440,Dean Parisot,5
441,"Branden Chambers, Eric D. Chambers",1
442,Michael Cimino,5
443,Steven Lisberger,3
444,Hugh Wilson,7
445,Jim Henson,3
446,Leonard Nimoy,5
447,Renny Harlin,17
448,Steve Barron,6
449,Jonathan Lynn,9
450,Martin Brest,6
451,Henry Selick,4
452,Kevin Reynolds,8
453,John McNaughton,4
454,Stephen Norrington,3
455,Danny Leiner,2
456,Mark Dindal,3
457,John Woo,7
458,"Gary Trousdale, Kirk Wise",3
459,"Louis Leterrier, Corey Yuen",1
460,Clark Johnson,2
461,Jonathan Mostow,4
462,Jonathan Hensleigh,2
463,Alexander Witt,1
464,Garth Jennings,2
465,"Tim Johnson, Karey Kirkpatrick",1
466,Jason Reitman,5
467,Stefen Fangmeier,1
468,Mikael Håfström,4
469,"Jason Friedberg, Aaron Seltzer",4
470,Gregory Hoblit,6
471,Mark Steven Johnson,4
472,Peter Webber,3
473,Stephen J. Anderson,1
474,"Chris Miller, Raman Hui(co-director)",1
475,"Jimmy Hayward, Steve Martino",1
476,Lone Scherfig,3
477,Karyn Kusama,3
478,Kevin Macdonald,5
479,"Charles Guard, Thomas Guard",1
480,Wes Anderson,8
481,Olatunde Osunsanmi,1
482,Spike Jonze,3
483,Anton Corbijn,3
484,Lisa Cholodenko,3
485,Gary Winick,5
486,Samuel Bayer,1
487,Jesse Peretz,2
488,Steven Quale,1
489,Oliver Parker,5
490,Todd Strauss-Schulson,2
491,Todd Lincoln,1
492,Salim Akil,2
493,Jackie Chan,2
494,Matthew Spradlin,1
495,Damian Lee,2
496,"Mitchell Altieri, Phil Flores",2
497,Jonas Åkerlund,3
498,James Ponsoldt,2
499,Brian Dannelly,2
500,Elliott Lester,1
501,Jim Field Smith,2
502,Roman Polanski,13
503,Ti West,3
504,Ben Palmer,1
505,Ralph Fiennes,1
506,Stuart Beattie,2
507,Gregor Jordan,5
508,Steven R. Monroe,2
509,James Rabbitts,1
510,Howard McCain,1
511,Lexi Alexander,2
512,Richard Schenkman,1
513,David Slade,3
514,Todd Field,3
515,Harold Ramis,10
516,"Richard Lester, Richard Donner",1
517,Terry Jones,2
518,John Badham,13
519,Joe Dante,11
520,Jeremiah S. Chechik,5
521,Phil Alden Robinson,3
522,Howard Zieff,9
523,Robert De Niro,2
524,Andrew Davis,11
525,Chuck Russell,5
526,Jan de Bont,5
527,Tamra Davis,5
528,Joe Pytka,2
529,Jean-Pierre Jeunet,2
530,"Don Bluth, Gary Goldman",5
531,Nancy Meyers,5
532,John Frankenheimer,16
533,James Wong,4
534,Peyton Reed,5
535,Mimi Leder,4
536,Sharon Maguire,2
537,Jessie Nelson,3
538,Rod Lurie,5
539,Alejandro Amenábar,3
540,Thomas Carter,5
541,Tom Brady,3
542,Andy Tennant,8
543,Jesse Dylan,3
544,Dennie Gordon,3
545,Marcus Nispel,4
546,David S. Goyer,4
547,"Bibo Bergeron, Vicky Jenson, Rob Letterman",1
548,Kevin Bray,2
549,"Tim Burton, Mike Johnson",1
550,John Stockwell,7
551,Roger Kumble,5
552,Rob McKittrick,1
553,Eli Roth,3
554,Steve 'Spaz' Williams,1
555,Susannah Grant,1
556,"George Miller, Warren Coleman(co-director), Judy Morris(co-director)",1
557,"Simon J. Smith, Steve Hickner",1
558,Chris Weitz,3
559,"Robert Rodriguez, Eli Roth, Quentin Tarantino, Edgar Wright, Rob Zombie",1
560,Bruce A. Evans,2
561,Russell Mulcahy,14
562,David Silverman,1
563,Mathieu Kassovitz,2
564,Roger Donaldson,15
565,Neil Marshall,4
566,Neil LaBute,8
567,David Frankel,4
568,Peter Sollett,2
569,"Jennifer Flackett, Mark Levin",1
570,Dave Filoni,1
571,Bryan Bertino,1
572,Kevin Tancharoen,1
573,Hoyt Yeatman,1
574,Tom Tykwer,3
575,Patrick Tatopoulos,1
576,"Michael Spierig, Peter Spierig",3
577,Jim Sheridan,8
578,"Ricky Gervais, Matthew Robinson",1
579,Richard Curtis,3
580,Breck Eisner,3
581,John Erick Dowdle,3
582,Rob Letterman,2
583,Julie Anne Robinson,3
584,Sylvain White,2
585,Jorma Taccone,1
586,Miguel Sapochnik,1
587,"Colin Strause, Greg Strause",2
588,John Luessenhop,2
589,Miguel Arteta,4
590,"Sarah Smith, Barry Cook(co-director)",1
591,John Putch,1
592,Hiromasa Yonebayashi,1
593,Brian Robbins,9
594,Franck Khalfoun,3
595,Zal Batmanglij,2
596,Jamie Travis,1
597,Megan Griffiths,1
598,Kern Saxton,1
599,"Kaare Andrews, Angela Bettis, Hélène Cattet, Ernesto Díaz Espinoza, Jason Eisener, Bruno Forzani, Adrián García Bogliano, Xavier Gens, Jorge Michel Grau, Lee Hardcastle, Noboru Iguchi, Thomas Cappelen Malling, Anders Morgenthaler, Yoshihiro Nishimura, Banjong Pisanthanakun, Simon Rumley, Marcel Sarmiento, Jon Schnepp, Srdjan Spasojevic, Timo Tjahjanto, Andrew Traucki, Nacho Vigalondo, Jake West, Ti West, Ben Wheatley, Adam Wingard, Yudai Yamaguchi",1
600,Amy Heckerling,9
601,Enrique Gato,1
602,Yaron Zilberman,1
603,Hadi Hajaig,1
604,Nicholas McCarthy,1
605,John Poliquin,1
606,Julia Leigh,1
607,Michael Brandt,1
608,David Mackenzie,5
609,John Wells,1
610,Géla Babluani,1
611,Abe Sylvia,1
612,Mike Mills,2
613,Adam Elliot,1
614,Atom Egoyan,7
615,Armando Iannucci,1
616,Tom Six,2
617,David Hollander,1
618,Sean Ellis,1
619,Mike Barker,4
620,"Oliver Parker, Barnaby Thompson",2
621,Ryan Fleck,1
622,Damien O'Donnell,2
623,Steven Shainberg,2
624,Robert Stromberg,1
625,Wolfgang Reitherman,1
626,Sidney Lumet,23
627,Woody Allen,39
628,Lewis Gilbert,6
629,Ted Kotcheff,9
630,Patricia Birch,1
631,Paul Brickman,2
632,George P. Cosmatos,7
633,Paul Michael Glaser,5
634,Rowdy Herrington,6
635,Herbert Ross,18
636,Ron Underwood,6
637,Marco Brambilla,2
638,Anthony Minghella,6
639,Jim Gillespie,3
640,John Dahl,8
641,Vincent Ward,3
642,Michael Cristofer,3
643,"Chris Weitz, Paul Weitz",1
644,Steven Brill,5
645,Joel Zwick,3
646,"Ron Clements, John Musker",5
647,Bo Welch,1
648,John Hamburg,2
649,Andy Cadiff,2
650,David R. Ellis,7
651,Takashi Shimizu,2
652,Jay Russell,3
653,Rob Bowman,3
654,Nigel Cole,5
655,"Cory Edwards, Todd Edwards(co-director), Tony Leech(co-director)",1
656,Darren Lynn Bousman,7
657,"David Bowers, Sam Fell",1
658,John Bonito,1
659,Gil Kenan,3
660,"Josh Gordon, Will Speck",2
661,Garry Marshall,17
662,Mike Binder,6
663,Michael Davis,3
664,"Ash Brannon, Chris Buck",1
665,Philip G. Atwell,1
666,Uwe Boll,9
667,Paul Weiland,3
668,Phil Traill,2
669,P.J. Hogan,6
670,Brandon Camp,1
671,Nanette Burstein,1
672,Daniel Stamm,1
673,Anand Tucker,3
674,Tod Williams,3
675,Vincenzo Natali,4
676,Jason Winer,1
677,Tom Hanks,2
678,Thomas Bezucha,2
679,Christian E. Christiansen,1
680,Alister Grierson,2
681,Gonzalo López-Gallego,1
682,Charles Martin Smith,3
683,David Bowers,3
684,Akiva Goldsman,1
685,"Roberts Gannaway, Peggy Holmes",1
686,Richard Bates Jr.,1
687,Ryan Little,3
688,Nir Paniry,1
689,Matthias Hoene,1
690,John Hyams,3
691,Conor McMahon,1
692,Stephen Elliott,1
693,Jennifer Lynch,2
694,Ramaa Mosley,1
695,Sally Potter,4
696,"Crispian Mills, Chris Hopewell(co-director)",1
697,"Jamie Bradshaw, Aleksandr Dulerayn",1
698,Jean-Jacques Annaud,9
699,Joe Cornish,1
700,Jodie Foster,3
701,John Michael McDonagh,1
702,Paul Johansson,1
703,Dito Montiel,3
704,Jonathan English,1
705,Julio Medem,1
706,Spencer Susser,1
707,Bart Freundlich,3
708,"Glenn Ficarra, John Requa",3
709,Wayne Kramer,3
710,Tom Ford,1
711,Sean Byrne,1
712,Gerard Johnson,1
713,Frank Oz,10
714,Clement Virgo,1
715,Nick Moore,1
716,Michael Haneke,3
717,Shane Meadows,3
718,John Carney,2
719,Alejandro G. Iñárritu,4
720,Adrian Lyne,8
721,Randal Kleiser,10
722,"Ted Berman, Richard Rich, Art Stevens",1
723,George Roy Hill,6
724,"John Lounsbery, Wolfgang Reitherman",1
725,George Miller,9
726,John Huston,8
727,Sydney Pollack,12
728,Bob Clark,12
729,Joel Silberg,3
730,Jeff Kanew,6
731,Alan Parker,13
732,John Glen,7
733,Stephen Herek,11
734,Mario Van Peebles,5
735,Jim Abrahams,5
736,Ron Shelton,8
737,Kenny Ortega,6
738,Daniel Stern,1
739,Steve Oedekerk,4
740,Chris Noonan,2
741,Danny Cannon,5
742,Nick Castle,5
743,Paris Barclay,1
744,Billy Bob Thornton,3
745,Gary Fleder,6
746,"Harry Elfont, Deborah Kaplan",2
747,"John McTiernan, Michael Crichton",1
748,Rob Minkoff,5
749,Peter Chelsom,5
750,Simon Wells,3
751,Ronny Yu,5
752,Tim McCanlies,1
753,Audrey Wells,2
754,Sara Sugarman,1
755,Stephen Chow,1
756,Fernando Meirelles,3
757,Andrzej Bartkowiak,5
758,John Whitesell,6
759,Donald Petrie,10
760,Alejandro Agresti,1
761,Kirk Jones,4
762,"Roger Allers, Jill Culton, Anthony Stacchi(co-director)",1
763,Liam Lynch,1
764,Craig Brewer,3
765,Neil Jordan,14
766,Joe Nussbaum,3
767,James Gray,5
768,Walt Becker,5
769,Kent Alterman,1
770,John Patrick Shanley,1
771,David Hackl,1
772,Sanaa Hamri,3
773,Frank Miller,1
774,Jeffrey Nachmanoff,1
775,Will Gluck,3
776,Neal Brennan,1
777,Hayao Miyazaki,2
778,"Jorge Blanco, Javier Abad(co-director), Marcos Martínez(co-director)",1
779,Drew Barrymore,1
780,Shana Feste,2
781,Jimmy Hayward,1
782,Kevin Greutert,3
783,Troy Nixey,1
784,Dave Grohl,1
785,Ciarán Foy,2
786,Scott Wheeler,1
787,Craig Moss,1
788,Jessy Terrero,2
789,Rick Alverson,2
790,Ernie Barbarash,3
791,Tanya Wexler,1
792,Lynn Shelton,1
793,Tom McCarthy,3
794,Alex Chandon,1
795,Sean Durkin,1
796,Nicole Kassell,2
797,Paul Scheuring,1
798,Jim Mickle,1
799,David Schwimmer,2
800,John Curran,3
801,Richard Ayoade,1
802,Christopher Smith,3
803,Andrea Arnold,3
804,Daniel Barber,1
805,"Fatih Akin, Yvan Attal, Randall Balsmeyer, Allen Hughes, Shunji Iwai, Wen Jiang, Shekhar Kapur, Joshua Marston, Mira Nair, Natalie Portman, Brett Ratner",1
806,Michael Winterbottom,12
807,Tommy Wiseau,1
808,"Allison Anders, Alexandre Rockwell, Robert Rodriguez, Quentin Tarantino",1
809,Alex Cox,4
810,Jerry Schatzberg,5
811,Martha Coolidge,11
812,Rob Thomas,1
813,Mike Hodges,5
814,Noel Black,1
815,Andrei Tarkovsky,3
816,Lawrence Kasdan,11
817,Peter Faiman,2
818,Howard Deutch,9
819,Christopher Cain,8
820,John Waters,7
821,Stephen Hopkins,8
822,Jon Avnet,6
823,Mick Jackson,11
824,Duwayne Dunham,5
825,Jane Campion,7
826,Brian Levant,7
827,Mike Figgis,9
828,Forest Whitaker,3
829,Mike Nichols,15
830,Peter Cattaneo,2
831,Michael Caton-Jones,9
832,Mark A.Z. Dippé,1
833,"Eric Darnell, Tim Johnson",1
834,Gary Ross,4
835,Mark Pellington,5
836,Josef Rusnak,2
837,David O. Russell,8
838,Ben Younger,2
839,"Peter Lord, Nick Park",1
840,Pat O'Connor,3
841,Michael Lehmann,9
842,Steve Beck,2
843,Wayne Wang,8
844,Luis Mandoki,5
845,Marc Lawrence,3
846,Jon Amiel,6
847,Peter Howitt,4
848,"Aaron Blaise, Robert Walker",1
849,"Stephen Hillenburg, Mark Osborne",1
850,Darren Grant,2
851,John Maybury,3
852,Elizabeth Allen Rosenbaum,3
853,James Gartner,1
854,Bill Condon,7
855,Joby Harold,1
856,Robert Ben Garant,2
857,Scott Wiper,1
858,Lajos Koltai,1
859,Martin Weisz,1
860,Scott Frank,1
861,Steve Bendelack,1
862,Mennan Yapo,1
863,Jon Poll,1
864,Ed Harris,2
865,Robert B. Weide,3
866,Tony Leondis,1
867,Carter Smith,1
868,Gina Prince-Bythewood,2
869,"Sam Fell, Robert Stevenhagen",1
870,Jody Hill,2
871,Steve Shill,1
872,Steve Carr,5
873,Scott Cooper,1
874,Michael Lembeck,5
875,Sngmoo Lee,1
876,"Stephen J. Anderson, Don Hall",1
877,"Chris Kentis, Laura Lau",1
878,Alex Kendrick,4
879,Daniel Barnz,3
880,Jeff Renfroe,1
881,Eduardo Rodriguez,2
882,Kimble Rendall,1
883,Perry Bhandal,1
884,David Weaver,1
885,Keoni Waxman,2
886,Aaron Harvey,1
887,Bruce Beresford,18
888,Kenneth Lonergan,2
889,Mike Gunther,1
890,Oren Moverman,2
891,Michael Knowles,1
892,Jon Hewitt,1
893,Douglas Aarniokoski,2
894,Whit Stillman,3
895,Adam Green,3
896,Massy Tadjedin,1
897,James Keach,1
898,Emilio Estevez,5
899,Sebastian Gutierrez,3
900,David Michôd,1
901,John Stalberg Jr.,1
902,William Monahan,2
903,Stuart Hazeldine,1
904,Ben Ramsey,1
905,Betty Thomas,7
906,Rick Jacobson,1
907,Scott Mann,1
908,Scott Sanders,2
909,Gregg Araki,4
910,Gregory Wilson,1
911,David Ross,1
912,Mark Mylod,3
913,Desmond Davis,2
914,Ryan Gosling,1
915,Tobe Hooper,10
916,Just Jaeckin,3
917,Sean S. Cunningham,4
918,"Lou Adler, Tommy Chong",1
919,"Jim Henson, Frank Oz",1
920,Richard Lester,11
921,Savage Steve Holland,2
922,Michael Schultz,9
923,Tom Holland,5
924,Don Bluth,3
925,Mary Lambert,5
926,Harry Hook,1
927,Alan J. Pakula,11
928,Jack Bender,2
929,Bernard Rose,5
930,"Annabel Jankel, Rocky Morton",2
931,Steven E. de Souza,1
932,Andrew Fleming,7
933,James Foley,10
934,Luis Llosa,4
935,Robert Townsend,4
936,John R. Leonetti,2
937,David Mirkin,2
938,"Bibo Bergeron, Don Paul, Jeffrey Katzenberg",1
939,Roger Spottiswoode,11
940,"Eric Leighton, Ralph Zondag",1
941,Robert Altman,19
942,Callie Khouri,2
943,Marcus Raboy,1
944,Ed Decter,1
945,David McNally,2
946,Kevin Costner,3
947,Carl Franklin,5
948,Pitof,2
949,Tommy O'Haver,3
950,Sean McNamara,6
951,Don Mancini,1
952,John Polson,2
953,Florent-Emilio Siri,1
954,Clare Kilner,3
955,Susan Stroman,1
956,"Steve Box, Nick Park",1
957,Richard Loncraine,8
958,Phil Joanou,4
959,Tony Goldwyn,4
960,Jessica Bendinger,1
961,Pedro Almodóvar,1
962,Richard Eyre,5
963,"Oliver Hirschbiegel, James McTeigue",1
964,Kevin Munroe,2
965,"David Moreau, Xavier Palud",1
966,Jeff Lowell,1
967,Mark Palansky,1
968,Christine Jeffs,2
969,Michael McCullers,1
970,"Danny Pang, Oxide Chun Pang",2
971,Marcel Langenegger,1
972,Gavin O'Connor,6
973,Craig Mazin,2
974,Diane English,1
975,Susanna White,3
976,Douglas McGrath,4
977,Todd Graff,3
978,"Gregg Godfrey, Jeremy Rawle",1
979,Scott Walker,1
980,Brad Furman,3
981,Kieran Darcy-Smith,1
982,Plan B,1
983,David Brooks,1
984,Craig Viveiros,1
985,"Phil Dorling, Ron Nyswaner",1
986,Gabe Torres,1
987,Johannes Roberts,1
988,Jeremy Power Regimbal,1
989,Michael Jai White,1
990,Don Handfield,1
991,Joseph Kahn,2
992,Dexter Fletcher,1
993,Elgin James,1
994,Michael Pavone,2
995,Benedek Fliegauf,1
996,Isaac Florentine,4
997,"Ben Stassen, Mimi Maynard",2
998,Kyle Newman,1
999,Agnieszka Wojtowicz-Vosloo,1
1000,"David Pastor, Àlex Pastor",1
1001,Max Mayer,1
1002,Corey Yuen,2
1003,Nick Hurran,3
1004,John Cameron Mitchell,3
1005,Neil Armfield,1
1006,Rob Schneider,1
1007,Michael Dougherty,3
1008,Ryûhei Kitamura,2
1009,Barbara Kopple,1
1010,Tony Giglio,1
1011,Greg Marcks,2
1012,Keith Gordon,5
1013,Hal Needham,9
1014,Ruggero Deodato,2
1015,Billy Wilder,3
1016,"John Lounsbery, Wolfgang Reitherman, Art Stevens",1
1017,Blake Edwards,18
1018,Carl Reiner,9
1019,Ken Finkleman,2
1020,Peter Hyams,15
1021,Richard Fleischer,11
1022,"Jim Abrahams, David Zucker, Jerry Zucker",3
1023,"George Miller, George Ogilvie",1
1024,"Ron Clements, Burny Mattinson, David Michener, John Musker",1
1025,David Anspaugh,6
1026,George Scribner,1
1027,Ate de Jong,2
1028,Michael Pressman,5
1029,Charles Shyer,7
1030,Thom Eberhardt,6
1031,Bill Kroyer,1
1032,Emile Ardolino,5
1033,Simon Wincer,8
1034,Bill Duke,3
1035,John Pasquin,4
1036,Tim Robbins,3
1037,Gregory Widen,1
1038,Beeban Kidron,3
1039,Ted Demme,6
1040,Jason Bloom,2
1041,George Armitage,3
1042,Kinka Usher,1
1043,"Hironobu Sakaguchi, Motonori Sakakibara(co-director)",1
1044,Gregory Poirier,1
1045,Jeff Tremaine,1
1046,Michael Rymer,2
1047,Yimou Zhang,4
1048,Chris Stokes,1
1049,Hideo Nakata,2
1050,Greg McLean,2
1051,Bruce Hunt,1
1052,Gary David Goldberg,2
1053,Niki Caro,2
1054,Barry W. Blaustein,2
1055,Chris Robinson,1
1056,Frank Marshall,4
1057,Michael Polish,3
1058,Chris Sivertson,1
1059,Jonathan Kasdan,2
1060,"Shari Springer Berman, Robert Pulcini",3
1061,Marco Schnabel,1
1062,George C. Wolfe,2
1063,Malcolm D. Lee,6
1064,Chris Carter,1
1065,Aristomenis Tsirbas,1
1066,"Zach Cregger, Trevor Moore",1
1067,Vicky Jenson,1
1068,Stewart Hendler,2
1069,Nelson McCormick,2
1070,"Anthony Bell, Ben Gluck",1
1071,Tom Dey,4
1072,Mike Disa,1
1073,Roman Coppola,2
1074,Maxim Korostyshevsky,1
1075,Shinji Aramaki,1
1076,Daryl Wein,1
1077,George Gallo,5
1078,Jon Wright,2
1079,Patricia Riggen,3
1080,Antonio Negret,2
1081,Mike Flanagan,3
1082,Michael Winnick,1
1083,"Andrew Erwin, Jon Erwin",1
1084,Jason Eisener,1
1085,Julian Gilbey,2
1086,Matthew Chapman,1
1087,William Kaufman,3
1088,Rodrigo García,7
1089,Michael Goldbach,1
1090,Robert Lieberman,5
1091,Derrick Borte,1
1092,Tim Blake Nelson,3
1093,Ol Parker,2
1094,John Crowley,4
1095,Charlie Kaufman,1
1096,"Chuck Konzelman, Cary Solomon",1
1097,Jeff Fisher,1
1098,Eric Amadio,1
1099,Simon Brand,2
1100,Jay Lee,1
1101,Shane Abbess,1
1102,"Marcel Sarmiento, Gadi Harel(co-director)",1
1103,Tom Putnam,1
1104,"Larry Clark, Edward Lachman",1
1105,James Ivory,13
1106,Ramón Menéndez,2
1107,Clenet Verdi-Rose,1
1108,Alejandro Jodorowsky,2
1109,Harold Becker,9
1110,Robert Benton,9
1111,Willard Huyck,2
1112,Michael Gottlieb,3
1113,Gary Goddard,1
1114,Sidney J. Furie,9
1115,Buddy Van Horn,3
1116,"Hendel Butoy, Mike Gabriel",1
1117,Jeff Pollack,2
1118,Sam Weisman,6
1119,Kevin Lima,3
1120,Robert Longo,1
1121,Lesli Linka Glatter,2
1122,Rachel Talalay,3
1123,Ernest R. Dickerson,7
1124,Stanley Tong,4
1125,Mel Smith,4
1126,Stuart Baird,3
1127,Michael Patrick Jann,2
1128,Roger Christian,2
1129,Matt Williams,1
1130,Gil Junger,5
1131,Irwin Winkler,7
1132,Bill Paxton,2
1133,Roger Michell,8
1134,Barbet Schroeder,9
1135,"Kelly Asbury, Lorna Cook",1
1136,Kevin Donovan,1
1137,Gary Hardwick,2
1138,Bille Woodruff,3
1139,Vadim Perelman,1
1140,Guy Ferland,3
1141,Joseph Ruben,9
1142,Peter Hewitt,9
1143,Kerry Conran,1
1144,Greg Coolidge,1
1145,Liz Friedlander,1
1146,"Anthony Russo, Joe Russo",4
1147,Michael O. Sajbel,2
1148,Glen Morgan,2
1149,Doug Lefler,1
1150,Eric Valette,1
1151,Deb Hagan,1
1152,David Mamet,8
1153,Masayuki Ochiai,1
1154,John Schultz,5
1155,Quentin Dupieux,2
1156,"Will Finn, Daniel St. Pierre",1
1157,Rufus Norris,1
1158,Ry Russo-Young,1
1159,Luis Prieto,2
1160,Hany Abu-Assad,2
1161,Brandon Nutt,1
1162,Charles Matthau,1
1163,Kat Coiro,1
1164,"Adam Kassen, Mark Kassen",1
1165,Justin Kurzel,3
1166,Dermot Mulroney,1
1167,Carlo Ledesma,1
1168,Michael Goi,1
1169,Brian Crano,1
1170,Julien Magnat,1
1171,Taylor Sheridan,1
1172,Jacob Estes,2
1173,Eduardo Sánchez,2
1174,Noah Baumbach,4
1175,Guy Moshe,1
1176,Nick Tomnay,1
1177,Julie Taymor,5
1178,Bo Zenga,1
1179,Raymond De Felitta,1
1180,Jeff King,1
1181,Klay Hall,1
1182,J Blakeson,2
1183,Goran Dukic,1
1184,David Leland,2
1185,Martin Gero,1
1186,Gilles Bourdos,1
1187,"Matthew O'Callaghan, Todd Wilderman(co-director)",1
1188,Marcos Siega,3
1189,Steven Schachter,3
1190,Victor Salva,5
1191,Dave McKean,1
1192,Richard Shepard,4
1193,Kaige Chen,2
1194,Henry Bean,1
1195,James Cox,2
1196,Todd Solondz,3
1197,Stephan Elliott,4
1198,Sarah Kernochan,1
1199,Trey Parker,4
1200,Peter Greenaway,11
1201,Philip Kaufman,10
1202,Wim Wenders,6
1203,Andrzej Zulawski,1
1204,Meir Zarchi,1
1205,Stuart Millar,1
1206,Don Chaffey,2
1207,Jeannot Szwarc,6
1208,Hal Ashby,7
1209,Neal Israel,4
1210,"Ted Berman, Richard Rich",1
1211,Dan O'Bannon,2
1212,Walter Murch,1
1213,Rod Daniel,5
1214,Richard Benjamin,11
1215,Steve Rash,7
1216,William Dear,4
1217,Marek Kanievska,3
1218,Arthur Hiller,13
1219,"Andrey Konchalovskiy, Albert Magnoli",1
1220,Warren Beatty,3
1221,Dwight H. Little,6
1222,Nicolas Roeg,7
1223,Reginald Hudlin,4
1224,Fran Rubel Kuzui,1
1225,Les Mayfield,7
1226,Stephen Surjik,4
1227,Kenneth Branagh,11
1228,Gillian Armstrong,7
1229,Bryan Spicer,3
1230,Geoff Murphy,8
1231,Andrew Bergman,4
1232,Jamie Blanks,3
1233,William Malone,3
1234,"Brendan Malloy, Emmett Malloy",2
1235,Paul Hunter,1
1236,Charles Herman-Wurmfeld,3
1237,Jim Fall,2
1238,Mira Nair,9
1239,Jean-François Richet,2
1240,Kevin Rodney Sullivan,4
1241,Mike Bigelow,1
1242,Rupert Wainwright,3
1243,Laurence Dunmore,1
1244,Mark Rosman,3
1245,John A. Davis,2
1246,Matthew O'Callaghan,1
1247,Prachya Pinkaew,3
1248,Mort Nathan,2
1249,Dave Meyers,1
1250,Zach Helm,1
1251,Kirk DeMicco,1
1252,Michael Moore,4
1253,Erik White,1
1254,"Dan Cutforth, Jane Lipsitz",1
1255,Sid Bennett,1
1256,Lawrence Roeck,1
1257,"Mike Birbiglia, Seth Barrish(co-director)",1
1258,"Max Giwa, Dania Pasquini",2
1259,Dylan C. Brown,1
1260,Antti Jokinen,1
1261,Lucky McKee,3
1262,Andrew Haigh,1
1263,Matthew Parkhill,2
1264,Adrian Vitoria,2
1265,Martin Guigui,1
1266,Kriv Stenders,1
1267,Lena Dunham,1
1268,Carl Bessai,1
1269,Richard J. Lewis,1
1270,Matthew Leutwyler,2
1271,"Jay Duplass, Mark Duplass",2
1272,Anthony DiBlasi,1
1273,Don Roos,4
1274,D. Kerry Prior,1
1275,Alexis Dos Santos,1
1276,"Kieran Mulroney, Michele Mulroney",1
1277,Jordan Scott,1
1278,Aaron Schneider,1
1279,Tyler Oliver,1
1280,Peter Stebbings,1
1281,Andrew Currie,1
1282,Kar-Wai Wong,3
1283,Hunter Richards,1
1284,David Mackay,1
1285,Liev Schreiber,1
1286,Randall Miller,6
1287,Marc Schölermann,1
1288,Geoffrey Sax,3
1289,Joshua Seftel,1
1290,Clark Gregg,1
1291,Bruce McDonald,3
1292,Shamim Sarif,2
1293,"Adam Jay Epstein, Andrew Jacobson",1
1294,François Velle,1
1295,Jada Pinkett Smith,1
1296,Nick Hamm,4
1297,François Ozon,2
1298,Giuseppe Tornatore,2
1299,Edward Burns,4
1300,Geoffrey Wright,3
1301,Mike Leigh,9
1302,"Terry Jones, Terry Gilliam",1
1303,Jamie Uys,1
1304,Vic Armstrong,2
1305,N/A,110
1306,Peter Bogdanovich,11
1307,Joseph L. Mankiewicz,1
1308,Dario Argento,6
1309,James Frawley,4
1310,Lewis Teague,7
1311,Jack Sholder,5
1312,Menahem Golan,3
1313,Nelson Shin,1
1314,"Mark DiSalle, David Worth",1
1315,John Lafia,2
1316,Sheldon Lettich,4
1317,Dan Aykroyd,1
1318,Stuart Gordon,10
1319,Jerry Zucker,3
1320,Brett Leonard,6
1321,Jerry Zaks,1
1322,Stephen Kessler,1
1323,Rand Ravich,1
1324,Jonathan Kaplan,9
1325,Rodman Flender,2
1326,"Kunihiko Yuyama, Michael Haigney",2
1327,Bonnie Hunt,1
1328,Courtney Solomon,2
1329,"Chia-Liang Liu, Jackie Chan",1
1330,Luke Greenfield,3
1331,Chris Nahon,2
1332,Mark Romanek,2
1333,Bob Dolman,2
1334,John Lee Hancock,3
1335,"Patrick Gilmore, Tim Johnson",1
1336,Boaz Yakin,4
1337,Michael Tollin,2
1338,"Will Finn, John Sanford",1
1339,Nora Ephron,7
1340,Angela Robinson,2
1341,Gary Chapman,1
1342,"Aaron Seltzer, Jason Friedberg(co-director)",1
1343,William Brent Bell,2
1344,Adrienne Shelly,1
1345,"Alastair Fothergill, Mark Linfield",2
1346,Francesca Gregorini,1
1347,Peter Strickland,1
1348,Adam Deyoe,1
1349,Todd Louiso,1
1350,Ron Scalpello,1
1351,Sam Levinson,1
1352,Aimee Lagos,1
1353,Sheree Folkson,2
1354,John Pogue,1
1355,Abel Ferrara,8
1356,Michael Corrente,4
1357,Howie Askins,1
1358,Rob Hedden,2
1359,Sam Jaeger,1
1360,"Noel Clarke, Mark Davis",1
1361,Joseph Guzman,1
1362,Michael Greenspan,1
1363,James Nguyen,1
1364,Mitch Glazer,1
1365,Giorgio Serafini,1
1366,Marcos Efron,1
1367,Nick Morris,2
1368,Cody Cameron,1
1369,Chris Fisher,2
1370,Rebecca Miller,2
1371,Phil Claydon,1
1372,Jake West,1
1373,Bob Gosse,1
1374,Nancy Bardawil,1
1375,Anthony Waller,2
1376,Isabel Coixet,3
1377,Michael Ian Black,1
1378,Tom Kalin,1
1379,Jonathan King,1
1380,Jessica Sharzer,1
1381,Toby Wilkins,2
1382,Makoto Kamiya,1
1383,Edward Neumeier,1
1384,Jay Lowi,2
1385,John August,1
1386,Takashi Miike,3
1387,Lori Petty,1
1388,Brett Simon,1
1389,Bharat Nalluri,2
1390,James Merendino,1
1391,Bernardo Bertolucci,7
1392,Willard Carroll,1
1393,Rob Sitch,2
1394,Todd Haynes,6
1395,Katt Shea,1
1396,Robert Mulligan,4
1397,Rick Rosenthal,5
1398,Brendan Moriarty,2
1399,William H. Macy,1
1400,Robert Aldrich,6
1401,H.B. Halicki,1
1402,Ted Post,5
1403,Michael Crichton,6
1404,Steve Miner,13
1405,Mark Rydell,7
1406,Gary Nelson,3
1407,Franc Roddam,4
1408,Richard Franklin,4
1409,Michael Ritchie,15
1410,"Jerry Paris, James Signorelli",1
1411,David Seltzer,2
1412,Norman Jewison,14
1413,John Flynn,5
1414,Danny DeVito,6
1415,Todd Holland,3
1416,William A. Graham,4
1417,Brian Henson,1
1418,Stuart Gillard,3
1419,Fred Dekker,3
1420,Richard Rush,3
1421,David S. Ward,6
1422,Jeremy Leven,1
1423,Alfonso Arau,2
1424,Rick Friedberg,1
1425,Ice Cube,1
1426,Adam Rifkin,2
1427,Darren Stein,1
1428,Stephen Kay,5
1429,John Herzfeld,5
1430,Tom Green,2
1431,Daniel Sackheim,1
1432,Charles Stone III,4
1433,"Brian Koppelman, David Levien",2
1434,Perry Andelin Blake,1
1435,Tim Fywell,3
1436,Lawrence Guterman,2
1437,Jim Sonzero,1
1438,Robin Swicord,1
1439,Robert Shaye,1
1440,Andy Cheng,2
1441,David L. Cunningham,2
1442,Fred Wolf,3
1443,Rick Famuyiwa,2
1444,"Huck Botko, Andrew Gurland",1
1445,Steve Barker,2
1446,Christopher Neil,1
1447,Kevin Carraway,1
1448,Jordan Roberts,1
1449,David Ren,1
1450,Pat Holden,2
1451,Claudio Fäh,1
1452,Brian A. Miller,1
1453,Joel Soisson,1
1454,Terry Miles,1
1455,Mateo Gil,1
1456,Andrew Traucki,1
1457,Shawn Ku,1
1458,Chris Shadley,1
1459,Fouad Mikati,1
1460,Tony Krantz,2
1461,"Ricky Gervais, Stephen Merchant",1
1462,Sylvain Chomet,1
1463,"Scott McGehee, David Siegel",2
1464,Emily Young,1
1465,Gareth Carrivick,1
1466,Seth Grossman,1
1467,Michael Radford,6
1468,Griffin Dunne,3
1469,Jieho Lee,1
1470,Niall Johnson,1
1471,Jonah Markowitz,1
1472,Julian Jarrold,7
1473,Simon Hunter,1
1474,Tamara Jenkins,2
1475,Rowan Woods,1
1476,Michael McGowan,1
1477,"Joachim Rønning, Espen Sandberg",3
1478,Gurinder Chadha,4
1479,Barry Skolnick,1
1480,Siu-Tung Ching,1
1481,Vincent Gallo,2
1482,"James Algar, Gaëtan Brizzi, Paul Brizzi, Hendel Butoy, Francis Glebas, Eric Goldberg, Don Hahn, Pixote Hunt",1
1483,Patricia Rozema,3
1484,John Fawcett,2
1485,Justin Kerrigan,1
1486,"Peter Chung, Andrew R. Jones, Yoshiaki Kawajiri, Takeshi Koike, Mahiro Maeda, Kôji Morimoto, Shin'ichirô Watanabe",1
1487,Susan Streitfeld,1
1488,Albert Pyun,8
1489,Mark Goldblatt,2
1490,Don Taylor,3
1491,"Gerald Potterton, John Bruno, John Halas, Julian Harris, Jimmy T. Murakami, Barrie Nelson, Paul Sabella, Jack Stokes, Pino Van Lamsweerde, Harold Whitaker",1
1492,Steven Knight,1
1493,John Carl Buechler,3
1494,Ronald Neame,3
1495,John Guillermin,6
1496,John Sturges,2
1497,James Fargo,2
1498,Ralph Bakshi,5
1499,Peter Yates,11
1500,"Jules Bass, Arthur Rankin Jr.",8
1501,"Joe Dante, John Landis, George Miller, Steven Spielberg",1
1502,Alan Metter,5
1503,Stephen King,1
1504,J. Lee Thompson,12
1505,Joseph Sargent,14
1506,Dennis Hopper,4
1507,John Cornell,2
1508,Craig R. Baxley,5
1509,Franco Zeffirelli,6
1510,Bruce Malmuth,2
1511,Tom Savini,1
1512,Patrick Read Johnson,3
1513,Robert Duvall,1
1514,Hark Tsui,2
1515,David Kellogg,2
1516,Antonia Bird,6
1517,Robert Iscove,5
1518,Joe Roth,5
1519,Blair Hayes,1
1520,Shekhar Kapur,3
1521,Don Michael Paul,1
1522,"Robin Budd, Donovan Cook(co-director)",1
1523,Casey La Scala,1
1524,Luc Jacquet,1
1525,Duncan Tucker,1
1526,Doug Atchison,1
1527,Nicole Holofcener,2
1528,Vondie Curtis-Hall,4
1529,Roland Joffé,9
1530,Hyung-rae Shim,1
1531,Chris Rock,2
1532,Frederik Du Chau,3
1533,Damien Dante Wayans,1
1534,Jonas Elmer,1
1535,Jerusha Hess,1
1536,Dominic Burns,1
1537,Carl Tibbetts,1
1538,Stevan Mena,2
1539,Scott Culver,1
1540,Martyn Pick,1
1541,Steven Silver,1
1542,Luiso Berdejo,1
1543,Jamin Winans,1
1544,Julio DePietro,1
1545,Mark A. Lewis,1
1546,Lara Shapiro,1
1547,Jac Schaeffer,1
1548,Kevin Heffernan,1
1549,"Lisa Barros D'Sa, Glenn Leyburn",2
1550,Oliver Hirschbiegel,2
1551,Terry George,3
1552,Omar Naim,1
1553,Christopher Duddy,1
1554,Yann Samuell,1
1555,Sarah Polley,3
1556,Jamie Babbit,3
1557,"Tom Kuntz, Mike Maguire",1
1558,Todd Stephens,2
1559,Dennis Lee,1
1560,Marco Kreuzpaintner,1
1561,Pawel Pawlikowski,2
1562,Ryan Murphy,2
1563,Nick Guthe,1
1564,Brian Pimental,1
1565,Jan Kounen,1
1566,Sturla Gunnarsson,2
1567,Larry Bishop,2
1568,Jean-Baptiste Andrea,1
1569,Stuart Townsend,1
1570,Andrzej Sekula,1
1571,Léa Pool,1
1572,Chris Eyre,1
1573,Julianna Lavin,1
1574,"Benny Chan, Jackie Chan",1
1575,Louis Malle,5
1576,Baz Luhrmann,5
1577,Jerry Rees,2
1578,Robert Greenwald,5
1579,Peter Medak,6
1580,Ken Russell,8
1581,Enzo G. Castellari,3
1582,"Michael French, Scott Miller",1
1583,Sam Walker,1
1584,Fred Zinnemann,2
1585,"Wei Lo, Chia-Hsiang Wu",1
1586,L.Q. Jones,1
1587,Michael Winner,10
1588,John Boorman,9
1589,Federico Fellini,2
1590,Alfred Hitchcock,1
1591,Martin Rosen,2
1592,Stuart Rosenberg,7
1593,Paul Schrader,10
1594,Robert J. Rosenthal,1
1595,Joe Alves,1
1596,Albert Magnoli,2
1597,Lisa Gottlieb,1
1598,Matthew Robbins,5
1599,Jim Drake,2
1600,Greg Beeman,4
1601,Robert Towne,3
1602,Daniel Petrie Jr.,2
1603,Kevin Hooks,5
1604,Uli Edel,6
1605,Gene Quintano,1
1606,Andrew Scheinman,1
1607,"Pixote Hunt, Joe Johnston",1
1608,Arne Glimcher,2
1609,Marc Rocco,3
1610,David Hogan,2
1611,"John Frankenheimer, Richard Stanley",1
1612,Kasi Lemmons,3
1613,Glenn Gordon Caron,3
1614,Kirk Wong,1
1615,Daisy von Scherler Mayer,4
1616,Steven Zaillian,3
1617,Troy Miller,7
1618,Edward Norton,1
1619,Jun Falkenstein,1
1620,David Raynr,2
1621,Christian Duguay,7
1622,Demian Lichtenstein,1
1623,Sean Penn,5
1624,Ellory Elkayem,1
1625,Gordon Chan,3
1626,Bruno Barreto,2
1627,Jaume Balagueró,2
1628,Christopher Erskin,1
1629,Paul Abascal,1
1630,Michael Mayer,2
1631,Bob Odenkirk,2
1632,Katja von Garnier,2
1633,Menno Meyjes,3
1634,Joshua Michael Stern,3
1635,Karey Kirkpatrick,1
1636,Phil Morrison,2
1637,"Michael Hoffman Jr.(co-director), Aaron T. Wells(co-director)",1
1638,"Bob Badway, Michael Emanuel, Igor Meglic",1
1639,"Howard J. Ford, Jonathan Ford(co-director)",1
1640,Joey Stewart,1
1641,Trent Cooper,2
1642,Kelly Reichardt,2
1643,Fernanda Cardoso,1
1644,Stephen Milburn Anderson,2
1645,Danis Tanovic,2
1646,Nathan Hope,1
1647,David M. Rosenthal,1
1648,Dana Lustig,1
1649,Lukas Moodysson,1
1650,S.R. Bindler,1
1651,"William Heins, Strathford Hamilton",1
1652,John Glenn,1
1653,Julie Delpy,3
1654,John Duigan,9
1655,Menhaj Huda,2
1656,Michael Dowse,4
1657,Talia Lugacy,1
1658,John Jeffcoat,1
1659,Tommy Lee Jones,2
1660,Kari Skogland,5
1661,Nicholas Hytner,4
1662,David Kendall,1
1663,Nicholas Mastandrea,1
1664,Miranda July,1
1665,David J. Burke,1
1666,Stewart Raffill,7
1667,Susan Montford,1
1668,Antonio Campos,1
1669,Eric Red,3
1670,Jason Freeland,1
1671,Courtney Hunt,1
1672,Daniel Waters,1
1673,Jeffrey Blitz,1
1674,David Von Ancken,1
1675,David Duchovny,1
1676,Steve Trenbirth,1
1677,E. Elias Merhige,1
1678,Matthew Ryan Hoge,1
1679,Lisa Krueger,2
1680,Emir Kusturica,1
1681,Bille August,4
1682,Dorian Walker,2
1683,Zalman King,3
1684,W.D. Richter,2
1685,Bob Rafelson,7
1686,Robert Hiltzik,1
1687,"Robert Clouse, Bruce Lee",1
1688,Rowan Joffe,3
1689,John Hough,5
1690,John Cassavetes,5
1691,Torgny Wickman,1
1692,Robert Moore,2
1693,Sam Peckinpah,6
1694,Tommy Chong,4
1695,Bob Fosse,3
1696,Michael Chapman,2
1697,Mark L. Lester,8
1698,Mel Damski,3
1699,Jerry Paris,1
1700,John Irvin,7
1701,Bob Hathcock,1
1702,Allan Moyle,3
1703,Jeff Burr,1
1704,Anthony Hickox,5
1705,Robert Mandel,4
1706,George Sluizer,1
1707,"Eric Radomski, Bruce Timm, Kevin Altieri, Boyd Kirkland, Frank Paur, Dan Riba",1
1708,"Phil Nibbelink, Simon Wells, Dick Zondag, Ralph Zondag",1
1709,Melanie Mayron,3
1710,Tim Pope,1
1711,Carroll Ballard,5
1712,Bob Saget,1
1713,Bob Spiers,2
1714,Hype Williams,1
1715,David Nutter,1
1716,Mic Rodgers,1
1717,Kris Isacsson,1
1718,James Isaac,1
1719,Reggie Rock Bythewood,1
1720,Troy Byer,1
1721,Jonathan Frakes,5
1722,Steve Boyum,4
1723,"Colin Brady, Christopher Reeve, Daniel St. Pierre",1
1724,Wil Shriner,1
1725,Preston A. Whitmore II,2
1726,Benny Boom,1
1727,Inon Shampanier,1
1728,Fumihiko Sori,1
1729,Robert Heath,1
1730,Ian Sharp,3
1731,Nicole Conn,1
1732,Philip Seymour Hoffman,1
1733,Jonathan Glendening,1
1734,Xavier Dolan,1
1735,Marcus Graves,1
1736,Anders Anderson,1
1737,Malcolm Venville,2
1738,Brian Baugh,1
1739,Nia Vardalos,1
1740,Steven Jacobson,1
1741,Jess Bond,1
1742,Matt Aselton,1
1743,Noel Clarke,1
1744,Enki Bilal,1
1745,Steve Conrad,1
1746,Roland Suso Richter,1
1747,Todd Robinson,2
1748,Jeremy Haft,1
1749,Tom Shankland,3
1750,Shainee Gabel,1
1751,Shona Auerbach,1
1752,Dan Ireland,2
1753,Nick Vallelonga,1
1754,Christian Volckman,1
1755,Alan Ball,1
1756,Clayton Jacobson,1
1757,Bill Guttentag,1
1758,Erik Skjoldbjærg,1
1759,Peter Mullan,1
1760,"Jean-Baptiste Andrea, Fabrice Canepa",1
1761,Austin Chick,2
1762,Anne Wheeler,1
1763,Dale Rosenbloom,1
1764,Carl Schenkel,3
1765,Tim Hunter,2
1766,James Bridges,6
1767,Keith Parmer,1
1768,"George Butler, Robert Fiore",1
1769,Sidney Poitier,8
1770,James Signorelli,2
1771,Robert Harmon,8
1772,Peter Markle,4
1773,Tony Randel,3
1774,Tony Bill,5
1775,Alan Shapiro,2
1776,"Brian Henson, David Lane",1
1777,Penelope Spheeris,7
1778,Kevin Williamson,1
1779,Francine McDougall,3
1780,Dewey Nicks,1
1781,Joel Hopkins,1
1782,"Dale Fabrigar(co-director), Everette Wallin(co-director)",1
1783,Gabriel Cowan,1
1784,Kaare Andrews,1
1785,Tim Allen,1
1786,Julian Fellowes,1
1787,Scott S. Anderson,1
1788,Jonathan Glazer,2
1789,Brian Hecker,1
1790,John Asher,1
1791,Brian Smrz,1
1792,Joel Viertel,2
1793,Simon Fellows,1
1794,John Simpson,1
1795,"Joel Bergvall, Simon Sandquist",1
1796,Scott Glosserman,1
1797,"Michelangelo Antonioni, Steven Soderbergh, Kar-Wai Wong",1
1798,Dan Reed,1
1799,Frank Sebastiano,1
1800,Deborah Kampmeier,1
1801,Daniel Myrick,2
1802,Valerie Breiman,1
1803,Richard Sears,1
1804,James Toback,5
1805,Hettie Macdonald,1
1806,Skip Woods,1
1807,George Huang,2
1808,Johnny Depp,1
1809,Dale Launer,1
1810,James Glickenhaus,2
1811,"Charles A. Nichols, Iwao Takamoto",1
1812,Raza Mallal,1
1813,Brian Horiuchi,1
1814,Jake Paltrow,2
1815,Deran Sarafian,3
1816,Bryan Gordon,1
1817,"Phil Nibbelink, Simon Wells",1
1818,Penny Marshall,7
1819,Peter Horton,1
1820,Michael Goldenberg,1
1821,Mark Tarlov,1
1822,Joan Chen,1
1823,"Michael Haigney, Kunihiko Yuyama",1
1824,John Gatins,1
1825,Harvey Glazer,1
1826,Fred Andrews,1
1827,Ari Folman,1
1828,Paul Angunawela,1
1829,Taika Waititi,4
1830,Drew Ann Rosenberg,1
1831,Peter Andrikidis,1
1832,Sandy Collora,1
1833,Josh Reed,1
1834,Karen Moncrieff,2
1835,Frank E. Flowers,1
1836,Ed Blum,1
1837,Arie Posin,1
1838,"Stefan Fjeldmark, Jesper Møller",1
1839,Jim Hickey,1
1840,Joe Chappelle,2
1841,"Daisuke Nishio, Hirotoshi Rissen, Kazuhisa Takenouchi, Leiji Matsumoto",1
1842,"Rod Hardy, George Miller",1
1843,John Sayles,9
1844,Annette Haywood-Carter,1
1845,Bob Koherr,1
1846,Anne Goursaud,1
1847,Sandy Tung,1
1848,"Phil Joanou, Michael Lee Baron(co-director)",1
1849,Gerald Thomas,5
1850,Afonso Poyart,2
1851,Alan Rickman,1
1852,S. Craig Zahler,2
1853,"Ellen Hovde, Albert Maysles, David Maysles, Muffie Meyer",1
1854,Salvatore Samperi,1
1855,Frank Pierson,5
1856,Richard T. Heffron,3
1857,Nicolas Gessner,1
1858,Tinto Brass,1
1859,Don Siegel,6
1860,"Don Taylor, Mike Hodges",1
1861,Martin Ritt,7
1862,Susan Seidelman,3
1863,Howard Storm,1
1864,David Greenwalt,1
1865,Fred Walton,3
1866,Anthony Perkins,1
1867,Harry Winer,3
1868,Michael Gornick,1
1869,Jeffrey Bloom,1
1870,Graham Baker,3
1871,Gary Sherman,4
1872,Barbra Streisand,3
1873,"Don Bluth, Gary Goldman(co-director), Dan Kuenster(co-director)",2
1874,Phil Roman,2
1875,Fred Schepisi,12
1876,Hart Bochner,3
1877,Kelly Makin,2
1878,John Gray,3
1879,Bronwen Hughes,2
1880,John Warren,1
1881,"Igor Kovalyov, Norton Virgien",1
1882,Risa Bramon Garcia,1
1883,"Katt Shea, Robert Mandel",1
1884,John Bruno,1
1885,Des McAnuff,1
1886,Joe Charbanic,1
1887,Vic Sarin,1
1888,Stephen Gaghan,2
1889,Scott Kalvert,2
1890,Frank Nissen,1
1891,Andy Garcia,1
1892,Fred Savage,1
1893,"Darrel Campbell, Kevin McAfee",1
1894,Jourdan McClure,1
1895,Jeff Broadstreet,1
1896,Dante Lam,1
1897,Marilyn Agrelo,1
1898,"Jesse Holland, Andy Mitton",1
1899,Michael Oblowitz,2
1900,Will Canon,2
1901,Bill Maher,1
1902,Gregory Mackenzie,1
1903,J.P. Schaefer,1
1904,Gregg Bishop,1
1905,Jody Dwyer,1
1906,Adam Gierasch,1
1907,Gregory Nava,4
1908,István Szabó,3
1909,Cédric Klapisch,1
1910,Richard Attenborough,10
1911,Elissa Down,1
1912,Laurence Malkin,1
1913,Michael Almereyda,2
1914,Bill Eagles,1
1915,Liliana Cavani,2
1916,Steve Anderson,1
1917,Burr Steers,4
1918,Daniel Algrant,2
1919,R.D. Robb,1
1920,"David Hillenbrand, Scott Hillenbrand",3
1921,Mars Callahan,1
1922,Nicolas Cage,1
1923,Thomas Vinterberg,1
1924,Guy Jenkin,1
1925,"Steve Loter, Victor Cook, Don MacKinnon, Lisa Schaffer(co-director)",1
1926,Michael Cohn,1
1927,Rory Kelly,1
1928,Christopher Guest,7
1929,Mark Herman,4
1930,Julien Temple,4
1931,Rick King,2
1932,"Woody Allen, Francis Ford Coppola, Martin Scorsese",1
1933,George Bowers,2
1934,Eric Karson,2
1935,Robert Bierman,2
1936,"Jerry Kramer, Colin Chilvers",1
1937,Randa Haines,5
1938,John Mackenzie,4
1939,Samuel Fuller,2
1940,Douglas Trumbull,1
1941,Alan Myerson,1
1942,Don Edmonds,2
1943,Liv Ullmann,1
1944,Jon Stewart,1
1945,Bryan Forbes,3
1946,Elia Kazan,1
1947,Luis Buñuel,2
1948,Andrew V. McLaglen,7
1949,Werner Herzog,14
1950,Colin Higgins,3
1951,Tommy Lee Wallace,3
1952,Sam Firstenberg,5
1953,Danny Steinmann,1
1954,Andrey Konchalovskiy,3
1955,Tom McLoughlin,8
1956,Steve Kloves,2
1957,Dominique Othenin-Girard,1
1958,Joan Micklin Silver,4
1959,Carl Schultz,1
1960,Peter Bonerz,1
1961,James Orr,2
1962,Clive Barker,3
1963,Duncan Gibbins,2
1964,Michael Karbelnikoff,1
1965,Fraser C. Heston,3
1966,Gregg Champion,1
1967,Alek Keshishian,3
1968,Andrew Morahan,1
1969,Andrew Sipes,1
1970,Kevin Yagher,1
1971,Amy Holden Jones,3
1972,Martin Lawrence,1
1973,Lionel C. Martin,1
1974,Jonathan Darby,1
1975,Sammo Kam-Bo Hung,2
1976,Jean-Marie Poiré,1
1977,Mark Brown,1
1978,Wallace Wolodarsky,1
1979,Francis Glebas,1
1980,Lance Rivera,2
1981,Nnegest Likké,1
1982,C.B. Harding,1
1983,David E. Talbert,1
1984,"Marc F. Adler, Jason Maurer",1
1985,Mickey Liddell,1
1986,Artie Mandelberg,1
1987,David Carson,3
1988,Andrew Lau Wai-Keung,1
1989,Jim Strouse,1
1990,Gary Lennon,1
1991,James Dodson,1
1992,mink,1
1993,Ringan Ledwidge,1
1994,Richard Claus,1
1995,John Humber,1
1996,Jeremy Brock,1
1997,Joey Lauren Adams,1
1998,Tim Disney,1
1999,Murali K. Thalluri,1
2000,Mary Stuart Masterson,1
2001,Patricia Cardoso,1
2002,Yoshiaki Kawajiri,1
2003,Thaddeus O'Sullivan,2
2004,William Phillips,1
2005,Gavin Grazer,1
2006,Adam Coleman Howard,1
2007,Kristine Peterson,1
2008,Roger Avary,2
2009,Volker Schlöndorff,3
2010,Michael A. Simpson,2
2011,Lamberto Bava,2
2012,Stan Winston,1
2013,Hector Babenco,3
2014,Boaz Davidson,2
2015,George Mihalka,1
2016,William Lustig,4
2017,"Robert Houston, Kenji Misumi",1
2018,William Sachs,2
2019,Lynne Littman,1
2020,Saul Dibb,2
2021,Camille Delamarre,2
2022,Julius Avery,1
2023,Phil Karlson,1
2024,Michelangelo Antonioni,1
2025,Bo Arne Vibenius,1
2026,Francis Giacobetti,1
2027,Arthur Penn,5
2028,Elliot Silverstein,1
2029,Pier Paolo Pasolini,2
2030,Mark Griffiths,2
2031,Paul Newman,3
2032,Richard Tuggle,2
2033,Lyndall Hobbs,1
2034,John R. Cherry III,5
2035,Harley Cokeliss,2
2036,Bud S. Smith,1
2037,Richard Stanley,1
2038,John Schlesinger,12
2039,Richard Pearce,6
2040,Eric Meza,1
2041,Steven Seagal,1
2042,Holly Goldberg Sloan,1
2043,Ringo Lam,3
2044,Félix Enríquez Alcalá,2
2045,Theodore Witcher,1
2046,Robert Kurtzman,1
2047,Pat Proft,1
2048,Ulu Grosbard,3
2049,Peter Kassovitz,1
2050,Chris Roberts,1
2051,"Stig Bergqvist, Paul Demeyer",1
2052,"John Eng, Norton Virgien",1
2053,Kevin Allen,2
2054,Daniel Taplitz,1
2055,Kevin Bacon,1
2056,Alfredo Rodriguez de Villa,1
2057,Lance Mungia,1
2058,Hans Canosa,1
2059,Karan Johar,1
2060,Mark Fergus,1
2061,Laurie Collyer,1
2062,Will Geiger,1
2063,Q. Allan Brocka,2
2064,Jed Weintrob,1
2065,Glenn McQuaid,1
2066,George Ratliff,1
2067,Chip Hale,1
2068,Zak Penn,1
2069,Charles Dance,1
2070,J.S. Cardone,2
2071,Tony Mitchell,2
2072,Marc Klein,1
2073,Tim Hamilton,1
2074,Alan Brown,1
2075,Finn Taylor,1
2076,"Matt Checkowski, Kurt Mattila",1
2077,Darrell Roodt,4
2078,Gerry Lively,2
2079,Alejandro Monteverde,1
2080,Gerard Stembridge,1
2081,Nick Willing,2
2082,"Alex Smith, Andrew J. Smith",1
2083,Andrew Green,1
2084,John McKay,1
2085,Tim Roth,1
2086,Anjelica Huston,2
2087,Nancy Meckler,1
2088,Peter Horak,1
2089,Kim Henkel,1
2090,Trevor Nunn,4
2091,Stacy Title,1
2092,Stephen Poliakoff,3
2093,Graeme Clifford,3
2094,Andrew Birkin,1
2095,Peter Masterson,1
2096,George Mendeluk,1
2097,Vladimir Grammatikov,1
2098,Larry Cohen,5
2099,Karel Reisz,4
2100,Lucio Fulci,4
2101,Nagisa Ôshima,2
2102,Chris Eigeman,1
2103,Daniel Benmayor,1
2104,Peter Capaldi,1
2105,Russ Meyer,4
2106,Mark Robson,1
2107,Joseph W. Sarno,1
2108,René Laloux,1
2109,Jack Smight,5
2110,"Bruce Malmuth, Gary Nelson",1
2111,Jack Clayton,2
2112,Damiano Damiani,2
2113,Joseph Zito,3
2114,Robert Boris,1
2115,James Komack,1
2116,Jim McBride,3
2117,Allan Arkush,1
2118,Thomas J. Wright,2
2119,Aaron Norris,5
2120,Adam Marcus,1
2121,Robert Klane,2
2122,James Yukich,1
2123,Charles Haid,2
2124,Franco Amurri,2
2125,Billy Crystal,3
2126,Steven Baigelman,1
2127,John Nicolella,1
2128,Alan Cohn,1
2129,Damon Santostefano,2
2130,Mark Piznarski,4
2131,Chris Koch,1
2132,DJ Pooh,2
2133,Craig McCracken,2
2134,Bruce McCulloch,3
2135,Patrick Stettner,1
2136,Asif Kapadia,2
2137,Nacho Cerdà,1
2138,Michael Katleman,1
2139,Stuart Murdoch,1
2140,Alan Pao,1
2141,Asia Argento,1
2142,Adam Fields,1
2143,Ed Stone,1
2144,Pieter Jan Brugge,1
2145,Peter Burger,1
2146,Anders Rønnow Klarlund,1
2147,Kit Ryan,1
2148,Jeremy Podeswa,1
2149,Amanda Gusack,1
2150,Ann Turner,1
2151,Henry Miller,1
2152,Sean Meredith,1
2153,Ray Lawrence,2
2154,Justin Theroux,1
2155,Alice Wu,1
2156,Jason Todd Ipson,1
2157,Phedon Papamichael,1
2158,Steve Jacobs,1
2159,Scott Marshall,2
2160,Petter Næss,2
2161,Peter Tolan,1
2162,Mekhi Phifer,1
2163,Bent Hamer,1
2164,"Howard E. Baker, John Fox, Kyung Ho Lee",1
2165,Billy Kent,1
2166,Stephen Bradley,1
2167,Frank Henenlotter,4
2168,John Stewart Muller,1
2169,Matthew Bright,2
2170,"Jim Malone, Kunihiko Yuyama",1
2171,Bob Misiorowski,2
2172,Dylan Kidd,2
2173,Michael Cuesta,1
2174,Andrew Black,1
2175,Terry Winsor,3
2176,Costa-Gavras,5
2177,Tony Richardson,3
2178,Gary Oldman,2
2179,Gisaburô Sugii,1
2180,Phil Davis,1
2181,Reb Braddock,1
2182,Anthony Drazan,1
2183,Gilbert Adler,1
2184,Tony Cinciripini,1
2185,Allison Anders,3
2186,Simon Moore,1
2187,Rospo Pallenberg,1
2188,Brian Yuzna,5
2189,Sam Pillsbury,3
2190,Enzo Barboni,1
2191,Kevin Tenney,2
2192,Martin Stellman,1
2193,"Ralph Bakshi, Tom Tataranowicz",1
2194,Carl Gottlieb,1
2195,"Stanley Donen, John Barry",1
2196,Claudia Llosa,1
2197,Richard Brooks,3
2198,Dusan Makavejev,2
2199,Robert Stevenson,4
2200,"Bill Melendez, Phil Roman(co-director)",1
2201,"Ulu Grosbard, Dustin Hoffman",1
2202,James Goldstone,5
2203,William A. Fraker,1
2204,Ingmar Bergman,3
2205,John De Bello,2
2206,Norman Tokar,6
2207,Alan Clarke,5
2208,Jonathan R. Betuel,1
2209,Fritz Kiersch,2
2210,Paul Mazursky,11
2211,Ken Wiederhorn,3
2212,David Green,2
2213,Chris Walas,1
2214,"Howard Franklin, Bill Murray",1
2215,John Harrison,1
2216,Stan Dragoti,5
2217,Lili Fini Zanuck,1
2218,Burt Kennedy,2
2219,Tony Maylam,2
2220,Bruce Joel Rubin,1
2221,Charles T. Kanganis,2
2222,John Payson,1
2223,Charles Sturridge,5
2224,Andy Wilson,1
2225,"Shuki Levy, David Winning",1
2226,Gary Sinyor,1
2227,Antonio Banderas,1
2228,John Ottman,1
2229,Rob Pritts,1
2230,Chuck Sheetz,2
2231,J.B. Rogers,2
2232,Wych Kaosayananda,1
2233,"Cathy Malkasian, Jeff McGrath",1
2234,Bryan Barber,1
2235,"Matt Maiellaro, Dave Willis",1
2236,Sunu Gonera,1
2237,Charles Robert Carner,3
2238,Tim Chambers,1
2239,Ruairi Robinson,1
2240,Paddy Breathnach,3
2241,Rolfe Kanefsky,1
2242,Anthony Hopkins,1
2243,Tim Sullivan,1
2244,Dan Gildark,1
2245,Norm Hunter,1
2246,Eric Styles,1
2247,Franc. Reyes,2
2248,Adam Rapp,1
2249,"Brian Hooks, Deon Taylor",1
2250,Alex Holdridge,1
2251,Paul Dinello,1
2252,Chris Graham,1
2253,"Michael Hegner, Kari Juusonen",1
2254,Dan Harris,1
2255,Paul Mayeda Berges,1
2256,Tarun Mansukhani,1
2257,Scott Ziehl,1
2258,Gideon Raff,1
2259,Michael Keaton,1
2260,"Jonas Barnes, Michael Manasseri",1
2261,Pearry Reginald Teo,1
2262,"Kunihiko Yuyama, Darren Dunstan",1
2263,Chazz Palminteri,1
2264,John Stephenson,2
2265,Bruce Paltrow,1
2266,"Michael Coldewey, Michel Lemire",1
2267,"Daniel Liatowitsch, David Todd Ocvirk",1
2268,"Kunihiko Yuyama, Jim Malone",1
2269,Rintaro,1
2270,Takeshi Kitano,1
2271,Peter Care,1
2272,Stephen Gyllenhaal,3
2273,Maria Maggenti,1
2274,Dean Semler,2
2275,Bill Forsyth,3
2276,Brenton Spencer,2
2277,Brian Cosgrove,1
2278,"Christophe Gans, Shûsuke Kaneko, Brian Yuzna",1
2279,"Masami Hata, William T. Hurtz",1
2280,Robert Vincent O'Neill,1
2281,Steve De Jarnatt,2
2282,Ernest Thompson,1
2283,Ron Maxwell,3
2284,Patricio Valladares,1
2285,Paco Cabezas,1
2286,François Truffaut,5
2287,Marco Ferreri,1
2288,Víctor Erice,1
2289,Vincent McEveety,4
2290,Clive Donner,4
2291,Burt Reynolds,3
2292,Cheech Marin,1
2293,William Phelps,1
2294,Geneviève Robert,1
2295,Mick Garris,3
2296,Zelda Barron,1
2297,Francis Veber,2
2298,Bruce W. Smith,1
2299,Bruce Robinson,4
2300,David Price,1
2301,Henry Winkler,2
2302,Jocelyn Moorhouse,3
2303,Rick Stevenson,1
2304,Jim Kouf,2
2305,Arlene Sanford,1
2306,Richard LaGravenese,4
2307,Hugh Hudson,5
2308,Roberto Benigni,2
2309,Cheryl Dunye,1
2310,"Dave Borthwick, Jean Duval, Frank Passingham",1
2311,Matthew Diamond,2
2312,David DeFalco,1
2313,Jordan Downey,1
2314,Marc Evans,2
2315,"Pete Riski, Alan Smithee",1
2316,Andrew O'Connor,1
2317,Paul Andrew Williams,1
2318,Jeff Betancourt,1
2319,Scott Coffey,1
2320,Scott Thomas,1
2321,James Bolton,1
2322,"Michael G. Bartlett, Kevin Gates",1
2323,Alexander Bulkley,1
2324,"Andrew Wilson, Luke Wilson",1
2325,Mark Steilen,1
2326,Martha Fiennes,2
2327,Brett Sullivan,1
2328,Jeff Nathanson,1
2329,Jon Knautz,1
2330,Alex Turner,1
2331,Ed Bye,2
2332,Gregory Jacobs,2
2333,Martin Hynes,1
2334,Antony Cordier,1
2335,Sue Kramer,1
2336,Jonathan Yudis,1
2337,David Presley,1
2338,Warren P. Sonoda,1
2339,Ian Fitzgibbon,2
2340,Harris Goldberg,1
2341,Alison Murray,1
2342,Fred Durst,2
2343,Craig Lucas,1
2344,Michael Clancy,1
2345,Marleen Gorris,2
2346,Alec Baldwin,1
2347,Paul Fenech,1
2348,Craig Shapiro,2
2349,Jake Scott,2
2350,Rose Troche,1
2351,"Ben Elton, Hugh Laurie",1
2352,Adam Bernstein,2
2353,Mark Pavia,1
2354,John Bailey,1
2355,Stanley Tucci,1
2356,John Pieplow,1
2357,William Nicholson,1
2358,David Evans,1
2359,Christopher Coppola,1
2360,Richard Williams,1
2361,Craig Bolotin,2
2362,Andy Sidaris,1
2363,Percy Adlon,1
2364,Douglas Cheek,1
2365,"Jackie Chan, Sammo Kam-Bo Hung",1
2366,Martin Davidson,2
2367,Jay Sandrich,1
2368,"James Cameron, Ovidio G. Assonitis, Miller Drake",1
2369,Joseph Manduke,1
2370,Donald Wrye,3
2371,Anthony Burns,1
2372,David Greene,3
2373,"Michael Benveniste, Howard Ziehm",1
2374,Rainer Werner Fassbinder,9
2375,John D. Hancock,3
2376,Václav Vorlícek,1
2377,Philip D'Antoni,1
2378,Charles Bail,2
2379,Kevin Connor,5
2380,David Lowell Rich,2
2381,Bill Norton,3
2382,Ken Annakin,4
2383,Daniel Petrie,9
2384,Richard Wenk,1
2385,Ethan Wiley,1
2386,Christopher Leitch,1
2387,"Ken Kwapis, Marisa Silver",1
2388,Patrick Hasburgh,1
2389,James B. Harris,2
2390,Charles Grosvenor,1
2391,Stuart Orme,2
2392,Christopher Monger,1
2393,Carlo Carlei,2
2394,Kevin James Dobson,1
2395,Tab Murphy,1
2396,Rusty Cundieff,3
2397,"Larry Leker, Paul Sabella",1
2398,Robert Harling,1
2399,"Fred Schepisi, Robert Young",1
2400,Steve Gomer,2
2401,Michael Martin,1
2402,Scott Silver,2
2403,Matthew Warchus,1
2404,Nick Gomez,2
2405,Diane Keaton,2
2406,Sally Field,1
2407,Robert Adetuyi,1
2408,Jesse Vaughan,1
2409,Jim Hanon,1
2410,Ryan Nicholson,1
2411,Ned Farr,1
2412,Paul Fox,1
2413,Stephen Fry,1
2414,Allan A. Goldstein,2
2415,Maria Ripoll,1
2416,David Semel,1
2417,Kate Woods,1
2418,Alan Rudolph,6
2419,Martyn Burke,2
2420,"Anthony Abrams, Adam Larson Broder",1
2421,Steve Buscemi,2
2422,"Richard Glatzer, Wash Westmoreland",2
2423,Rob Green,1
2424,Greg Pritikin,1
2425,Jane Weinstock,1
2426,Michael Burke,1
2427,Greg Berlanti,2
2428,Predrag Antonijevic,2
2429,Rich Wilkes,1
2430,Daniel Lee,1
2431,Lance Young,1
2432,John Roberts,1
2433,Kevin Spacey,2
2434,Adam Resnick,1
2435,Simon Shore,2
2436,"Screaming Mad George, Steve Wang",1
2437,Bobcat Goldthwait,3
2438,Nancy Savoca,1
2439,Bob Logan,2
2440,"Joe Dante, Carl Gottlieb, Peter Horton, John Landis, Robert K. Weiss",1
2441,Jimmy T. Murakami,1
2442,Tom DeSimone,2
2443,Jeremy Kagan,5
2444,"Donald G. Jackson, R.J. Kizer",1
2445,Charles Kaufman,1
2446,Harry Bromley Davenport,1
2447,John Derek,2
2448,Paul Lynch,2
2449,Wilford Leach,1
2450,Charles Jarrott,4
2451,Marcello Fondato,1
2452,Alfred Sole,1
2453,Gordon Hessler,2
2454,Michael Campus,1
2455,"Martin Davidson, Stephen Verona",1
2456,Bernard L. Kowalski,1
2457,Jack Hill,3
2458,Umberto Lenzi,1
2459,Bitto Albertini,1
2460,Jerry Jameson,2
2461,Michael Anderson,6
2462,Donald Cammell,2
2463,Walerian Borowczyk,1
2464,Thomas K. Avildsen,1
2465,Peter Sasdy,1
2466,Lamont Johnson,9
2467,John Byrum,2
2468,Arna Selznick,1
2469,Rudy De Luca,1
2470,Nicholas Meyer,6
2471,Marshall Brickman,2
2472,Elaine May,3
2473,Joan Freeman,1
2474,"Tony Bill, Barry L. Young",1
2475,Ralph S. Singleton,1
2476,Paul Flaherty,3
2477,John Erman,8
2478,Geoff Burrowes,2
2479,Damian Harris,2
2480,John Howley,1
2481,Doug McHenry,2
2482,Peter Hall,3
2483,Bill Couturié,1
2484,Paul Miller,7
2485,Robert Butler,3
2486,Jeff Franklin,2
2487,Janusz Kaminski,1
2488,Eric Bross,1
2489,John Hoffman,1
2490,Hatsuki Tsuji,1
2491,Josh Stolberg,1
2492,Wayne Beach,1
2493,Ian Iqbal Rashid,1
2494,Mike Nawrocki,1
2495,Randy Moore,1
2496,Kyle Patrick Alvarez,2
2497,"Alan Cumming, Jennifer Jason Leigh",1
2498,Dan Cohen,1
2499,Mark Joffe,3
2500,Julie Davis,2
2501,Eric Blakeney,1
2502,Matt Dillon,1
2503,"Dominic Anciano, Ray Burdis",1
2504,Tassos Boulmetis,1
2505,Adrian Edmondson,2
2506,David Caesar,1
2507,Jonathan Teplitzky,2
2508,Frank Longo,1
2509,Henry Bromell,1
2510,Richard Kwietniowski,1
2511,Jeff Abugov,1
2512,Terence Davies,5
2513,Brian Gilbert,4
2514,Jordan Brady,2
2515,John Hay,1
2516,Gillies MacKinnon,5
2517,Michael Steinberg,1
2518,Robert Patton-Spruill,1
2519,Antonio Tibaldi,1
2520,Po-Chih Leong,1
2521,Brian Sloan,1
2522,Brian Gibson,4
2523,Steve Wang,2
2524,Don McKellar,1
2525,Jim Mallon,1
2526,Philip Haas,2
2527,Eric Schaeffer,2
2528,Yves Simoneau,4
2529,Alex Sichel,1
2530,Michael Lessac,1
2531,"Dario Argento, George A. Romero",1
2532,Michael Tolkin,1
2533,Martin Sheen,1
2534,Avi Nesher,1
2535,Charles E. Sellier Jr.,1
2536,Donna Deitch,2
2537,James M. Muro,1
2538,David Hugh Jones,6
2539,"John Hough, Vincent McEveety",1
2540,Rafal Zielinski,1
2541,"Michael Nankin, David Wechter",1
2542,Bruce D. Clark,1
2543,Charles B. Pierce,2
2544,"Berry Gordy, Tony Richardson, Jack Wormser",1
2545,Stanley Donen,4
2546,James William Guercio,1
2547,Eugenio Martín,1
2548,Gene Wilder,3
2549,Sam Wanamaker,1
2550,Dick Lowry,1
2551,Marvin J. Chomsky,4
2552,Art Linson,2
2553,Phillip Borsos,4
2554,Robert M. Young,3
2555,Janice Karman,1
2556,"George Jackson, Doug McHenry",1
2557,Barnet Kellman,1
2558,Mikael Salomon,5
2559,James Lapine,3
2560,Bill Bennett,1
2561,Scott Winant,1
2562,Manny Coto,3
2563,Peter Ho-Sun Chan,1
2564,"Mamoru Hosoda, Shigeyasu Yamauchi",1
2565,Stephen Carpenter,1
2566,Gérard Pirès,1
2567,Antony J. Bowman,1
2568,Ed Solomon,1
2569,Greg Harrison,1
2570,Guy Maddin,1
2571,"Youssef Chahine, Amos Gitai, Shôhei Imamura, Alejandro G. Iñárritu, Claude Lelouch, Ken Loach, Samira Makhmalbaf, Mira Nair, Idrissa Ouedraogo, Sean Penn, Danis Tanovic",1
2572,"Stefan Fjeldmark, Greg Manwaring, Michael Donovan, Michael Hegner",1
2573,David Atkins,1
2574,Sandra Goldbacher,2
2575,Del Shores,1
2576,Larry Blamire,1
2577,William Boyd,1
2578,Michael Haussman,1
2579,Robert Lee King,1
2580,Deepa Mehta,2
2581,Jill Sprecher,1
2582,Bryan Johnson,1
2583,Dein Perry,1
2584,Paul Gross,2
2585,Zoe Clarke-Williams,1
2586,Jenniphr Goodman,1
2587,Al Pacino,1
2588,Álex de la Iglesia,2
2589,Theresa Connelly,1
2590,Stacy Cochran,1
2591,Sang-ok Shin,1
2592,Victor Nunez,1
2593,Eric Steven Stahl,1
2594,"Paul Auster, Wayne Wang, Harvey Wang",1
2595,Pen Densham,1
2596,Christopher Hampton,3
2597,Gabriel Axel,1
2598,Lloyd Kaufman,2
2599,Jonathan Kahn,1
2600,James D.R. Hickox,1
2601,Betty Kaplan,1
2602,"Tom Stern, Alex Winter",1
2603,Hal Hartley,4
2604,David Webb Peoples,1
2605,Tom DiCillo,2
2606,Nicholas Kazan,1
2607,Keva Rosenfeld,1
2608,Frank LaLoggia,1
2609,Rick Sloane,1
2610,Bertrand Tavernier,3
2611,Philippe Mora,3
2612,Matt Cimber,2
2613,Slava Tsukerman,1
2614,Peter R. Hunt,4
2615,Brian Trenchard-Smith,4
2616,Lang Elliott,1
2617,Sergio Martino,2
2618,John D. Lamond,1
2619,Luigi Cozzi,2
2620,George Barry,1
2621,Bethel Buckalew,2
2622,Roy Ward Baker,3
2623,Dick Richards,3
2624,Joe Camp,4
2625,Leonid Gaidai,1
2626,Hall Bartlett,1
2627,Jean Eustache,1
2628,Lindsay Anderson,2
2629,Michael Wadleigh,1
2630,Lewis John Carlino,3
2631,Michael Dinner,4
2632,Mike Joens,1
2633,Bud Yorkin,1
2634,"Steven Kampmann, William Porter",1
2635,"Joseph Barbera, William Hanna",1
2636,Mark DiSalle,1
2637,Nadia Tass,1
2638,Jeffrey Hornaday,2
2639,"Kevin Hooks, Rolando Hudson",1
2640,Robert Radler,2
2641,Leon Ichaso,1
2642,Desmond Nakano,1
2643,Tom DeCerchio,1
2644,Farhad Mann,1
2645,Lee David Zlotoff,1
2646,Tom Schulman,1
2647,Peter Baldwin,1
2648,Hugh Johnson,1
2649,Albert Brooks,4
2650,Jeffrey W. Byrd,2
2651,Alejandro Chomski,1
2652,Bruce Hendricks,2
2653,Ian Mune,1
2654,María Lidón,1
2655,"Efram Potelle, Kyle Rankin",1
2656,Gary Jones,1
2657,John Swanbeck,1
2658,Aileen Ritchie,1
2659,Marcus Adams,2
2660,Robert Connolly,2
2661,Bam Margera,1
2662,Miles Swain,1
2663,Abdul Malik Abbott,1
2664,Élie Chouraqui,1
2665,Jonas McCord,1
2666,Émile Gaudreault,1
2667,John Malkovich,1
2668,Billy Morrissette,1
2669,Colette Burson,1
2670,Jonathan Kesselman,1
2671,Alan Mehrez,1
2672,Christopher Ashley,1
2673,Timothy Hutton,1
2674,Ana Kokkinos,1
2675,David Moreton,1
2676,Oley Sassone,1
2677,James Melkonian,2
2678,Theodoros Angelopoulos,2
2679,Rupert Harvey,1
2680,Adam Simon,2
2681,Scott Spiegel,1
2682,Norman René,2
2683,Philip Ridley,1
2684,Peter Israelson,1
2685,Jan Egleson,1
2686,Luca Bercovici,1
2687,Jon Hess,1
2688,Peter Werner,4
2689,Jim Wynorski,3
2690,Juan Piquer Simón,1
2691,Jeff Bleckner,6
2692,"Richard W. Haines, Lloyd Kaufman",1
2693,"Greg Ford, Friz Freleng, Chuck Jones, Terry Lennon, Robert McKimson, Maurice Noble(co-director)",1
2694,Lance Hool,2
2695,Paul Nicholas,1
2696,James Sbardellati,1
2697,Pierre De Moro,1
2698,David Schmoeller,2
2699,William Peter Blatty,1
2700,Sergio Corbucci,1
2701,Paul Bartel,3
2702,Max Baer Jr.,1
2703,Jack Arnold,1
2704,Jorge Grau,1
2705,Saul Bass,1
2706,Luchino Visconti,2
2707,Irwin Allen,1
2708,Michael Miller,3
2709,Brian G. Hutton,2
2710,Gene Saks,2
2711,James Dearden,2
2712,Terry Hughes,1
2713,Tom Mankiewicz,1
2714,E. Max Frye,1
2715,J.F. Lawton,2
2716,Jack Baran,1
2717,Howard Franklin,2
2718,Caroline Thompson,3
2719,Doug Ellin,2
2720,Richard Martin,1
2721,Richard Rich,2
2722,"Scott Alexander, Larry Karaszewski",1
2723,John Stainton,1
2724,Rob Hardy,1
2725,Meiert Avis,1
2726,"Bill Boyce, John Stronach",1
2727,Jesús Franco,3
2728,Pauly Shore,1
2729,Blair Treu,2
2730,Sheri Elwood,1
2731,"Chris Delaporte, Pascal Pinon(co-director)",1
2732,Rolf de Heer,2
2733,Lisa France,1
2734,John Forte,1
2735,Josh Klausner,1
2736,Hampton Fancher,1
2737,Kevin Alyn Elders,1
2738,Robert Vince,1
2739,Éva Gárdos,1
2740,Mark Illsley,2
2741,Robert Marcarelli,1
2742,Daniel Minahan,1
2743,Lee Demarbre,1
2744,David Caffrey,1
2745,Michael A. Martinez,1
2746,Thomas Haden Church,1
2747,Christine Lahti,1
2748,Robert Downey Sr.,1
2749,Bob Balaban,1
2750,Bob Bralver,1
2751,Cedric Sundstrom,2
2752,Peter George,1
2753,Jimmy Huston,1
2754,Bigas Luna,1
2755,Paul Bogart,4
2756,Buddy Giovinazzo,1
2757,Douglas Hickox,3
2758,Dennis Donnelly,1
2759,William Girdler,2
2760,Richard C. Sarafian,2
2761,Alan Gibson,4
2762,Jack Starrett,3
2763,Melvin Frank,2
2764,Conrad Rooks,1
2765,Peter Sykes,2
2766,Larry Peerce,4
2767,Jun Fukuda,2
2768,"Oz Scott, Michael Schultz",1
2769,Alan Alda,4
2770,John Berry,2
2771,Paul Aaron,2
2772,Gerald Seth Sindell,1
2773,Robert Clouse,4
2774,"Prince, Michael Ballhaus",1
2775,William Richert,2
2776,Christopher Crowe,2
2777,Greydon Clark,2
2778,Prince,1
2779,Maurice Phillips,1
2780,József Gémes,1
2781,Ken Olin,2
2782,Mark Lewis,1
2783,John Fortenberry,2
2784,Tuck Tucker,1
2785,George Haas,1
2786,Peter Sheridan,1
2787,Ron Krauss,1
2788,K.C. Bascombe,1
2789,Sue Brooks,1
2790,Christina Wayne,1
2791,Aisling Walsh,1
2792,Pete Jones,1
2793,Metin Hüseyin,1
2794,Cory McAbee,1
2795,Donal Lardner Ward,1
2796,William Wesley,2
2797,"Drew Daywalt, David Schneider",1
2798,Jason Wulfsohn,1
2799,Nico Mastorakis,2
2800,Andrew Gurland,1
2801,Mike Mendez,1
2802,Scott Elliott,1
2803,Aleksi Vellis,1
2804,Barry Shils,1
2805,"Michael Herz, Lloyd Kaufman",2
2806,Daisuke Nishio,2
2807,"Neal Jimenez, Michael Steinberg",1
2808,Lodge Kerrigan,1
2809,Fred Olen Ray,2
2810,Roger Nygard,1
2811,Stephen Cornwell,1
2812,"George Dugdale, Mark Ezra, Peter Mackenzie Litten",1
2813,Michele Soavi,1
2814,"Danny Steinmann, Tom DeSimone",1
2815,Roger Vadim,1
2816,David Byrne,1
2817,Bill Froehlich,1
2818,Claude Whatham,2
2819,Ted Bafaloukos,1
2820,Narciso Ibáñez Serrador,1
2821,Robert Fuest,2
2822,Joel M. Reed,1
2823,Toshiya Fujita,1
2824,Steve Carver,4
2825,Ken Shapiro,1
2826,Giancarlo Santi,1
2827,Tom Gries,5
2828,Gilbert Cates,1
2829,Daryl Duke,3
2830,"Chuck Jones, Phil Monroe",1
2831,Jean-Claude Lord,2
2832,Peter Manoogian,1
2833,"Ben Bolt, Harold Becker",1
2834,William Tannen,2
2835,Robert Resnikoff,1
2836,James D. Parriott,1
2837,Tom Ropelewski,1
2838,Nils Gaup,1
2839,Mary Agnes Donoghue,1
2840,Eugene Levy,1
2841,Marshall Herskovitz,2
2842,Matthew Meshekoff,1
2843,Robert Young,3
2844,Billy Weber,1
2845,Norberto Barba,1
2846,Darin Scott,1
2847,Neil Abramson,1
2848,Peter M. Cohen,1
2849,Gary Preisler,1
2850,Alex Steyermark,1
2851,Richard Lowenstein,1
2852,Julian Richards,1
2853,Adam Goldberg,1
2854,Steven Feder,1
2855,Bernt Amadeus Capra,1
2856,Terence Hill,1
2857,Godfrey Ho,1
2858,Martin Bell,1
2859,"James L. George, Bob Seeley",1
2860,Barry Primus,1
2861,D.J. Webster,1
2862,"Danny Lee, Herman Yau",1
2863,Robert Englund,1
2864,John Quinn,1
2865,Stephen Weeks,1
2866,Dennis Feldman,1
2867,"David Winters, Neal Sundstrom(co-director)",1
2868,Jim Goddard,4
2869,Bill Fishman,2
2870,Albert Band,1
2871,Jet Li,1
2872,Tom Moore,1
2873,Paul Morrissey,1
2874,Michael Pataki,1
2875,Jack Gold,8
2876,"Michael Findlay, Horacio Fredriksson, Simon Nuchtern",1
2877,D'Urville Martin,1
2878,Marty Feldman,2
2879,René Cardona Jr.,1
2880,Ernest Pintoff,1
2881,Arthur Marks,2
2882,Terence Young,4
2883,Amando de Ossorio,1
2884,"Volker Schlöndorff, Margarethe von Trotta",1
2885,Jacques Rivette,1
2886,Tom Laughlin,2
2887,Massimo Dallamano,1
2888,Yves Robert,1
2889,Lina Wertmüller,3
2890,Frank D. Gilroy,1
2891,Joseph Losey,4
2892,John 'Bud' Cardos,1
2893,Harold Prince,1
2894,Nello Rossati,1
2895,Bertrand Blier,3
2896,George Kaczender,1
2897,Jeff Margolis,2
2898,Ferdinand Fairfax,2
2899,Antonio Margheriti,2
2900,Jack Haley Jr.,1
2901,Dale Schott,1
2902,"Bob Weinstein, Harvey Weinstein",1
2903,Daniel Goldberg,1
2904,"Mark Herrier, Alan Ormsby",1
2905,Jonathan Wacks,2
2906,Louis Morneau,2
2907,Timothy Björklund,1
2908,Sergio Sollima,2
2909,Sylvio Tabet,1
2910,Roger Corman,1
2911,Jörg Buttgereit,1
2912,David Irving,1
2913,Radha Bharadwaj,1
2914,Robert Dyke,1
2915,J.R. Bookwalter,1
2916,George Pavlou,1
2917,Lee Harry,1
2918,Marisa Silver,1
2919,Deborah Brock,1
2920,Mike Marvin,2
2921,Michael Seresin,1
2922,Sandor Stern,1
2923,Martin Donovan,1
2924,Bob Swaim,2
2925,Bill Sherwood,1
2926,Malcolm Mowbray,1
2927,Michael Rae,1
2928,Roger Watkins,1
2929,Denis Héroux,1
2930,Richard Compton,3
2931,"Richard C. Bennett, Ralph Senensky",1
2932,"Ovidio G. Assonitis, Robert Barrett",1
2933,"Roy Ward Baker, Cheh Chang",1
2934,Derek Jarman,6
2935,Al Adamson,1
2936,Don Hulette,1
2937,George Cukor,3
2938,Don Sharp,2
2939,Eddie Romero,1
2940,Jerry Lewis,1
2941,Andrew Sinclair,1
2942,Paul Glickler,1
2943,Freddie Francis,4
2944,Jacques Tati,1
2945,Guy Green,1
2946,Sandy Harbutt,1
2947,Tonino Valerii,2
2948,Robert Enrico,1
2949,Pupi Avati,1
2950,Joe D'Amato,1
2951,Franklin J. Schaffner,3
2952,Alain Resnais,2
2953,Robert Bresson,1
2954,John A. Alonzo,1
2955,"Roger Spottiswoode, Buzz Kulik",1
2956,Delbert Mann,4
2957,Fernando Di Leo,8
2958,Dom DeLuise,1
2959,Bruce Bilson,1
2960,Joe Layton,1
2961,Charles Band,2
2962,Stanley R. Jaffe,1
2963,Roger Young,6
2964,Douglas Day Stewart,2
2965,Steven Hahn,1
2966,Tamar Simon Hoffs,1
2967,Frank Perry,4
2968,Jeff Blyth,1
2969,"David Greenwalt, Aaron Russo",1
2970,Heywood Gould,2
2971,Lizzie Borden,1
2972,Marc Levin,1
2973,Kevin Brodie,1
2974,Maurice Joyce,1
2975,Carlos Ávila,1
2976,Bruce Pittman,1
2977,Bob Dahlin,1
2978,Jack Bravman,1
2979,David DeCoteau,1
2980,Jackie Kong,1
2981,Paul Golding,1
2982,Dick Clement,1
2983,Alexandre Arcady,1
2984,David Drury,1
2985,Peter Collinson,1
2986,José Ramón Larraz,2
2987,Val Guest,2
2988,Jean LaFleur,1
2989,Duccio Tessari,1
2990,Bob Kellett,1
2991,Jane Wagner,1
2992,Richard Moore,1
2993,James Kenelm Clarke,1
2994,Jan Troell,2
2995,George Schaefer,8
2996,Quentin Masters,1
2997,Doris Wishman,1
2998,Fred Haines,1
2999,John Hayes,2
3000,Jeff Lieberman,2
3001,Colin Eggleston,1
3002,Herschell Gordon Lewis,1
3003,Michael Tuchner,3
3004,Donald W. Thompson,1
3005,Milton Katselas,2
3006,Robert Scheerer,1
3007,Floyd Mutrux,3
3008,Gy Waldron,1
3009,Kirk Douglas,1
3010,Paul Annett,1
3011,Richard Friedenberg,1
3012,Guerdon Trueblood,1
3013,Fielder Cook,2
3014,Frank Beyer,1
3015,"Mark Haggard, Bruce Kimmel",1
3016,Stanley Kramer,1
3017,Joseph Brooks,1
3018,Moshé Mizrahi,1
3019,Claude Goretta,1
3020,Anthony Page,6
3021,Bob Dylan,1
3022,Joan Rivers,1
3023,Ken Hughes,1
3024,Noel Nosseck,1
3025,Piers Haggard,2
3026,Andrzej Wajda,1
3027,"Mario Bava, Lamberto Bava",1
3028,Otto Preminger,2
3029,Richard Quine,1
3030,Peter Fonda,2
3031,Worth Keeter,1
3032,"Malcolm Leo, Andrew Solt",2
3033,James Burrows,1
3034,Richard Pryor,2
3035,Édouard Molinaro,2
3036,Hy Averback,1
3037,Harvey Miller,1
3038,Lawrence Dane,1
3039,"Bernard Deyriès, Kimio Yabuki",1
3040,Michelle Manning,1
3041,Jack Fisk,1
3042,Terry Leonard,1
3043,Raymond Jafelice,1
3044,Charlie Loventhal,1
3045,David Stevens,1
3046,Camilo Vila,1
3047,Will Mackenzie,1
3048,Robert Wise,4
3049,Richard Baskin,1
3050,Paul Schibli,1
3051,Jon Acevski,1
3052,Alan Spencer,1
3053,"Yurek Bogayevicz, Mitch Glazer",1
3054,Wesley Strick,1
3055,Stephen Deutsch,1
3056,Ari Sandel,2
3057,"Laurence Olivier, John Sichel(co-director)",1
3058,Bryan Izzard,1
3059,Terence Fisher,1
3060,Fons Rademakers,1
3061,Ivan Dixon,1
3062,Ossie Davis,1
3063,Lionel Jeffries,2
3064,Thomas McGuane,1
3065,Maximilian Schell,2
3066,Alan Bridges,1
3067,Peter Duffell,1
3068,"Barrie McLean, Kristen Weingartner",1
3069,David Giler,1
3070,William Crain,1
3071,Oscar Williams,1
3072,Alain Tanner,1
3073,William Grefé,1
3074,Vincente Minnelli,1
3075,Akira Katô,1
3076,William A. Levey,1
3077,Corey Allen,1
3078,Jean Beaudin,1
3079,Philippe de Broca,1
3080,Chuck Barris,1
3081,Claudia Weill,1
3082,Éric Rohmer,4
3083,Michael O'Donoghue,1
3084,Michael Preece,1
3085,Anthony Harvey,4
3086,Stephen Verona,1
3087,Robert Taylor,2
3088,Andrew J. Kuehn,1
3089,Carlos Saura,1
3090,Neville de Almeida,1
3091,"Don Lusk, Ray Patterson, Alan Zaslove",1
3092,Andrew Lane,1
3093,Zoran Perisic,1
3094,Jerry Belson,1
3095,Raoul Ruiz,1
3096,Joel Bender,1
3097,Charles Lane,1
3098,Stephen Wallace,1
3099,Lisa Comrie,1
3100,"Catherine Owens, Mark Pellington",1
3101,Fred Ashman,1
3102,Steven Lawrence,1
3103,Lance D. Hayes,1
3104,Orson Welles,1
3105,Norman Earl Thomson,1
3106,Vincent Patouillard,1
3107,Jim Clark,1
3108,Jack Chambers,1
3109,Jason Moore,2
3110,Tom Hooper,4
3111,Stephen Chbosky,1
3112,Michael Mohan,1
3113,Sean Garrity,1
3114,"Nathan Greno, Byron Howard",1
3115,Leslye Headland,1
3116,"Paul Weitz, Chris Weitz",1
3117,Steve Antin,1
3118,Colin Trevorrow,1
3119,Michael Sucsy,2
3120,"Brian Klugman, Lee Sternthal",1
3121,Ben Lewin,1
3122,George Nolfi,1
3123,Juan Solanas,1
3124,Scott Speer,1
3125,Allen Coulter,2
3126,Lorene Scafaria,1
3127,"Danny Boyle, Loveleen Tandan(co-director)",1
3128,Jacques Audiard,2
3129,Adam Brooks,1
3130,Dan Mazer,2
3131,"David Palmer, Dax Shepard",1
3132,Mark Levin,1
3133,Rajkumar Hirani,1
3134,Kannan Iyer,1
3135,Michel Hazanavicius,1
3136,Michael Patrick King,2
3137,Jamie Linden,1
3138,"Carlos Saldanha, Mike Thurmeier(co-director)",1
3139,"Anna Boden, Ryan Fleck",3
3140,Florian Henckel von Donnersmarck,1
3141,Julian Farino,1
3142,Alan Poul,1
3143,Mark Helfrich,1
3144,Jaco Van Dormael,1
3145,Cary Joji Fukunaga,2
3146,Peter Templeman,1
3147,Kelly Asbury,2
3148,Gavin Wiesen,1
3149,"Chris Buck, Kevin Lima",1
3150,Phyllida Lloyd,2
3151,Craig Zobel,1
3152,"Matt Bettinelli-Olpin, David Bruckner, Tyler Gillett, Justin Martinez, Glenn McQuaid, Radio Silence, Joe Swanberg, Chad Villella, Ti West, Adam Wingard",1
3153,J.C. Chandor,2
3154,Sergio Leone,1
3155,Christopher Morris,1
3156,Michael J. Gallagher,1
3157,"Colin Minihan, Stuart Ortiz, The Vicious Brothers",1
3158,Stig Svendsen,1
3159,Antony Hoffman,1
3160,Daniel Nettheim,1
3161,"Alex Gregory, Peter Huyck",1
3162,Thomas Schlamme,1
3163,Randall Wallace,3
3164,"Daniel Myrick, Eduardo Sánchez",1
3165,"Declan Donnellan, Nick Ormerod",1
3166,Mitchell Lichtenstein,1
3167,Lee Kirk,1
3168,Dan Rush,1
3169,Todd Kessler,1
3170,"Charles Crichton, John Cleese",1
3171,Carles Torrens,1
3172,Angel Gracia,1
3173,William Shatner,1
3174,Lisa Azuelos,1
3175,Jennifer Westfeldt,1
3176,Andrew Jarecki,2
3177,Drake Doremus,2
3178,"John O. Hartman, Nicholas Mross",1
3179,Jeong-beom Lee,1
3180,Morten Tyldum,2
3181,Daniel Alfredson,2
3182,"Tim Heidecker, Eric Wareheim",1
3183,Paddy Considine,1
3184,Adam Salky,1
3185,Guillermo Arriaga,1
3186,Gary Sinise,1
3187,Steve Gordon,1
3188,Galt Niederhoffer,1
3189,Timothy Linh Bui,1
3190,Stephen Belber,1
3191,Louis C.K.,2
3192,Michael A. Nickles,1
3193,Matthew Hope,1
3194,Lance Daly,1
3195,Jon Harris,1
3196,Robin Hardy,1
3197,Michael Morrissey,1
3198,"Tomm Moore, Nora Twomey(co-director)",1
3199,David Denneen,1
3200,Peter Kosminsky,5
3201,Casey Affleck,1
3202,Panos Cosmatos,1
3203,Bruce Campbell,1
3204,Udayan Prasad,1
3205,Katherine Brooks,1
3206,Richard Greenberg,1
3207,Daniel Attias,1
3208,Eddie Murphy,1
3209,Ira Sachs,1
3210,Mark McQueen,1
3211,Pascal Franchot,1
3212,Cheryl Hines,1
3213,Jonas Pate,2
3214,Mike Clattenburg,4
3215,Gerald McMorrow,1
3216,Stephen Chiodo,1
3217,Sam O'Steen,2
3218,"Mike Judge, Mike de Seve, Brian Mulroney, Yvette Kaplan",1
3219,Chris Kentis,1
3220,"David Nixon, Patrick Doughtie(co-director)",1
3221,Steve Taylor,1
3222,"David Bruckner, Dan Bush, Jacob Gentry",1
3223,Cess Silvera,1
3224,Claudio Fragasso,1
3225,Andrey Zvyagintsev,1
3226,Guillaume Canet,1
3227,Philippe Falardeau,1
3228,Bradley Rust Gray,1
3229,Helen Hunt,1
3230,Jay Levey,1
3231,Daryn Tufts,1
3232,Craig Rosenberg,1
3233,Sean McGinly,1
3234,"Warren Beatty, Buck Henry",1
3235,"Rick Moranis, Dave Thomas",1
3236,Joe Berlinger,2
3237,Cate Shortland,1
3238,Thomas Whelan,1
3239,Tibor Takács,2
3240,"David Nerlich, Andrew Traucki",1
3241,Mitch Rouse,1
3242,"Campbell Scott, Stanley Tucci",1
3243,Jack Nicholson,2
3244,Jared Drake,1
3245,Saran Barnun,1
3246,Zoe R. Cassavetes,1
3247,Robby Henson,1
3248,"Allan Arkush, Joe Dante",1
3249,Steven Kastrissios,1
3250,Edward Anderson,1
3251,Ben Coccio,1
3252,Rod Amateau,2
3253,"Jimmy T. Murakami, Roger Corman",1
3254,Britt Allcroft,1
3255,Tod Harrison Williams,1
3256,Joel Anderson,1
3257,Simon Langton,1
3258,"Barbara Peeters, Jimmy T. Murakami",1
3259,"Mickey Rose, Michael Ritchie",1
3260,Alan Johnson,2
3261,Erick Zonca,1
3262,Zackary Adler,1
3263,Ash Baron-Cohen,1
3264,Kevin Dowling,1
3265,Pete Walker,2
3266,Dan Curtis,4
3267,"Dick Richards, Jerry Jameson",1
3268,"Mike Nawrocki, Phil Vischer",1
3269,Georges Lautner,1
3270,Jim Kohlberg,1
3271,Michel Leclerc,1
3272,"Ola Simonsson, Johannes Stjärne Nilsson",1
3273,"Trygve Allister Diesen, Lucky McKee",1
3274,Claude Berri,1
3275,Chang-dong Lee,1
3276,Anders Thomas Jensen,1
3277,Patrice Leconte,2
3278,Jay Chou,1
3279,Hirokazu Koreeda,1
3280,Sooraj R. Barjatya,1
3281,Ki-duk Kim,1
3282,Masanori Hata,1
3283,Jean-Pierre Melville,1
3284,Stan Lathan,2
3285,Gary Halvorson,1
3286,Maggie Greenwald,2
3287,Alison Maclean,1
3288,Ted Nicolaou,1
3289,David Winters,1
3290,Patrick Garland,2
3291,Perry Henzell,1
3292,Bob Giraldi,2
3293,Mark Jones,1
3294,Bozidar 'Bota' Nikolic,1
3295,Will Vinton,1
3296,William Sterling,1
3297,Cary Medoway,1
3298,Lynne Stopkewich,1
3299,"Geoff Burton, Kevin Dowling",1
3300,Brad Mirman,1
3301,Christopher Morahan,1
3302,Bert I. Gordon,2
3303,Howard Avedis,1
3304,Mario Bava,2
3305,David Beaird,1
3306,Dave Thomas,1
3307,Rich Correll,1
3308,Ralph Nelson,2
3309,"Jeff Gillen, Alan Ormsby",1
3310,Ed Forsyth,1
3311,Barry Shear,1
3312,Robert Dalva,1
3313,Pat Murphy,1
3314,Jon Purdy,1
3315,"Adam Simon, Darren Moloney",1
3316,Brian Clemens,1
3317,Richard Ashe,1
3318,Denis Sanders,1
3319,Kwang-Hyun Park,1
3320,Sergei Bodrov,1
3321,Yôjirô Takita,1
3322,Bahman Ghobadi,1
3323,Javier Fuentes-León,1
3324,Kyung-taek Kwak,1
3325,Silvio Soldini,1
3326,Johnnie To,1
3327,Sandra Nettelbeck,1
3328,Hun Jang,1
3329,Tim Kincaid,1
3330,Bob Kelljan,2
3331,Serge Gainsbourg,1
3332,Jerzy Skolimowski,2
3333,Ivan Passer,2
3334,"James Isaac, David Blyth",1
3335,Roy London,1
3336,Frank De Felitta,1
3337,S.F. Brownrigg,1
3338,Rene Daalder,1
3339,"Willard Huyck, Gloria Katz",1
3340,Jacques Deray,1
3341,"Mel Welles, Aureliano Luppi(co-director)",1
3342,Jean-Paul Rappeneau,1
3343,Lee Grant,1
3344,Earl Barton,1
3345,Ovidio G. Assonitis,1
3346,"Steve Carver, Burt Kennedy",1
3347,Vernon Zimmerman,1
3348,"John Sturges, Duilio Coletti",1
3349,Peter Newbrook,1
3350,Monte Hellman,1
3351,Gordon Wiles,1
3352,"Monte Hellman, Tony Brandt",1
3353,Arthur Barron,1
3354,Waris Hussein,4
3355,Bruce Geller,1
3356,Michael A. DeGaetano,1
3357,Aram Avakian,1
3358,Nagesh Kukunoor,1
3359,Yoon-chul Chung,1
3360,Vladimír Michálek,1
3361,Hrishikesh Mukherjee,1
3362,Seung-wan Ryoo,1
3363,Hans Petter Moland,1
3364,Reha Erdem,1
3365,Darko Mitrevski,1
3366,Chang-hwa Jeong,1
3367,André Téchiné,1
3368,"Aleksa Gajic, Nebojsa Andric(co-director), Stevan Djordjevic(co-director)",1
3369,Dover Koshashvili,1
3370,Jeffrey Lau,1
3371,Paul F. Ryan,1
3372,Shigehiro Ozawa,1
3373,Christine Edzard,1
3374,Krzysztof Zanussi,1
3375,Ivan Sen,1
3376,Jerzy Domaradzki,1
3377,Dickie Jobson,1
3378,"John Berry, Alfred Viola",1
3379,Don Weis,1
3380,"Scott Michael Adams, Adam Henry Garcia, Aden Hakimi",1
3381,Brett Ryan Bonowicz,1
3382,Michael Piotrowski,1
3383,"Scott Gaffney, Murray Wais, Steve Winter",1
3384,Wyeth Clarkson,1
3385,Seth Randal,1
3386,Vincent Caldoni,1
3387,"James Villemaire, Eric Weber",1
3388,"Michael Coleman(co-director), Eric Johnson(co-director)",1
3389,Pat Kelman,1
3390,Vince Sweeney,1
3391,David Steinberg,2
3392,Todd Edwards,1
3393,"Olivier Nakache, Éric Toledano",1
3394,Sacha Gervasi,2
3395,Bennett Miller,2
3396,Simon Curtis,2
3397,"Rob Epstein, Jeffrey Friedman",3
3398,Wayne Blair,1
3399,Patty Jenkins,2
3400,Ericson Core,2
3401,John Krokidas,1
3402,Floria Sigismondi,1
3403,Denzel Washington,3
3404,Sam Taylor-Johnson,2
3405,Newt Arnold,1
3406,Luis Valdez,1
3407,Marc Abraham,1
3408,George Hickenlooper,3
3409,John N. Smith,3
3410,Nikolai Müllerschön,1
3411,Julian Schnabel,2
3412,Edward James Olmos,1
3413,S.J. Clarkson,1
3414,Sherry Hormann,1
3415,Larysa Kondracki,1
3416,"Fenton Bailey, Randy Barbato",3
3417,Bruno Miotto,1
3418,Malik Bendjelloul,1
3419,Bart Layton,1
3420,"James Moore, William Spicer",1
3421,"Benny Safdie, Josh Safdie",1
3422,Olivier Dahan,1
3423,Jeff Orlowski,1
3424,Kenneth Castillo,1
3425,Christopher Menaul,3
3426,Ryan Perez,1
3427,Jonathan Jakubowicz,1
3428,Mat Whitecross,1
3429,Mitch Davis,1
3430,Anthony Fabian,1
3431,Caveh Zahedi,1
3432,Charles S. Dutton,1
3433,Paul Morrison,1
3434,Davis Guggenheim,1
3435,Jon S. Baird,1
3436,Mick Davis,1
3437,Lauren Lazin,1
3438,Niels Mueller,1
3439,David Veloz,1
3440,Caroline Link,1
3441,Steve James,1
3442,Salvador Litvak,1
3443,Buzz Kulik,4
3444,Xavier Koller,1
3445,Richard Roxburgh,1
3446,Chuck Parello,1
3447,Amir Bar-Lev,1
3448,Scott J. Gill,1
3449,Andy Mikita,1
3450,Pete McCormack,1
3451,"Greg Olliver, Wes Orshoski",1
3452,Harry Thomason,1
3453,Jan Harlan,2
3454,"John Little, Bruce Lee",1
3455,Jeff Feuerzeig,1
3456,Richard Press,1
3457,"Matt Harlock, Paul Thomas",1
3458,Alex Gibney,1
3459,Rory Kennedy,1
3460,Andrew Solt,1
3461,"Jenny Abel, Jeff Hockett",1
3462,Jesse Vile,1
3463,Jeff Malmberg,1
3464,"Sean Fine(co-director), Andrea Nix(co-director)",1
3465,"Mike Fleiss, Mike Piscitelli",1
3466,"Nanette Burstein, Brett Morgen",1
3467,"David Leaf, John Scheinfeld",2
3468,Nathaniel Kahn,1
3469,George Paul Csicsery,1
3470,Jessica Yu,1
3471,Anthony Geffen,1
3472,Steven Sawalich,1
3473,"Susan Muska, Gréta Olafsdóttir",1
3474,Brett Morgen,1
3475,Ben Steinbauer,1
3476,Jane Anderson,2
3477,Justin Chadwick,3
3478,Clio Barnard,1
3479,Oren Kaplan,1
3480,Jonathan Caouette,1
3481,James F. Collier,2
3482,"Derek W. Hayes, Stanislav Sokolov",1
3483,Nick Broomfield,2
3484,Timothy Greenfield-Sanders,1
3485,Susanne Rostock,1
3486,Francesco Rosi,1
3487,Gordon Douglas,1
3488,Nicholas Sgarro,1
3489,Robert Enders,1
3490,Peter Brook,2
3491,Earl Bellamy,1
3492,Gordon Parks,1
3493,François Girard,1
3494,Gavin Millar,1
3495,"Michael Apted, Paul Almond",1
3496,Richard Schickel,10
3497,Paul Jay,1
3498,"Mark Achbar, Peter Wintonick",1
3499,Marcel Ophüls,1
3500,Ken Burns,3
3501,"Jim Fields, Michael Gramaglia",1
3502,Margaret Brown,1
3503,John Edginton,1
3504,Bradley Beesley,1
3505,"Joe Boyd, John Head, Gary Weis",1
3506,Frank Martin,1
3507,"Will Lovelace, Dylan Southern",1
3508,Erik Nelson,1
3509,Patty Ivins Specht,1
3510,Stefan Forbes,1
3511,John Dullaghan,1
3512,Dana Heinz Perry,1
3513,"Henriette Mantel, Steve Skrovan",1
3514,Helena Solberg,1
3515,James Dirschberger,1
3516,Ted Haimes,1
3517,Jon Else,1
3518,Jonas Mekas,1
3519,Craig McCall,1
3520,"Peter Jones, Mark A. Catalena(co-director)",1
3521,Ira Wohl,1
3522,Jon Blair,1
3523,Jeffrey Schwarz,3
3524,"Mimi Freedman, Leslie Greif",1
3525,"Rudi Dolezal, Hannes Rossacher",1
3526,"Malcolm Clarke, Stuart Sender",1
3527,Thomas Burstyn,1
3528,Gavin Taylor,1
3529,Jon Ronson,1
3530,Estela Bravo,1
3531,Bridget Terry,1
3532,Rhian Skirving,1
3533,Chris Landreth,1
3534,"Christopher Bird, Kevin Brownlow",3
3535,Charlotte Zwerin,1
3536,"Raphael Alvarez, Tatiana Issa",1
3537,Larry Weitzman,1
3538,Dean Alioto,1
3539,Martina Kudlácek,1
3540,"Damani Baker, Alex Vlack",1
3541,"Dez Vylenz, Moritz Winkler",1
3542,Howard Alk,1
3543,"Barbara Kopple, Cecilia Peck",1
3544,Declan Lowney,1
3545,Errol Morris,2
3546,Mark Rappaport,1
3547,"Duane Baughman, Johnny O'Hara",1
3548,Peter Askin,1
3549,Megumi Sasaki,1
3550,Charles Kiselyak,1
3551,Michael A. Goorjian,1
3552,Aviva Kempner,1
3553,Constantine Nasr,1
3554,Eugene Jarecki,1
3555,Serena Cross,1
3556,Ross McElwee,3
3557,Heinz Bütler,1
3558,"Michael W. Dean, Kenneth Shiffrin",1
3559,"Meiert Avis, Adam Bernstein, Peter Care, Brian De Palma, Jonathan Demme, Ted Demme, Carol Dodds, Danny Goldberg, Arnold Levine, Sean Penn, Anthony Potenza, Tim Robbins, Arthur Rosato, John Sayles, Julian Schlossberg",1
3560,Keith Beauchamp,1
3561,Freida Lee Mock,1
3562,Phil Grabsky,1
3563,Jeroen Berkvens,1
3564,Jean-Pierre Isbouts,1
3565,"Robert Hendrickson, Laurence Merrick",1
3566,Andrew Horn,1
3567,"Laura Craig Gray, Tristan Quinn",1
3568,Toby Keeler,1
3569,"Ricki Stern, Anne Sundberg(co-director)",1
3570,Fredrik Gertten,1
3571,Elaina Archer,1
3572,Michel Negroponte,1
3573,Jamil Dehlavi,1
3574,Oren Jacoby,1
3575,Mika Kaurismäki,1
3576,Stephen Kijak,1
3577,Scott Goldstein,1
3578,Klaartje Quirijns,1
3579,"Jason Cohn, Bill Jersey",1
3580,"Alistair Christopher, Jonathan Hock",1
3581,Damian Pettigrew,1
3582,Kevin Rafferty,1
3583,Hugh Munro Neely,2
3584,Dori Berinstein,1
3585,Edo Bertoglio,1
3586,"Walter Carvalho, Sandra Werneck",1
3587,Kirk Fraser,1
3588,Brett Thompson,1
3589,"Daniele Anastasion, Eric Strauss",1
3590,Alexandra Lipsitz,1
3591,James Crump,1
3592,Paul Cox,1
3593,"Michèle Hozer, Peter Raymont",1
3594,"Terry Dougas, Nikki Frakes, Will Hess",1
3595,Sally Rowe,1
3596,"Daniel O'Connor, Neil Ortenberg",1
3597,Bill Douglas,2
3598,David Heeley,2
3599,"Frank L. Anderson, Barry Poltermann",1
3600,Mark Redhead,1
3601,Laurence Green,1
3602,George Stevens Jr.,2
3603,Susan F. Walker,1
3604,"Ray Manzarek, Rick Schmidlin",1
3605,Tim Irwin,1
3606,David Riva,1
3607,Don Mischer,1
3608,Aiyana Elliott,1
3609,Tarquin Olivier,1
3610,Susan Warms Dryfoos,1
3611,Helmut Schleppi,1
3612,John Korty,5
3613,George Roy,1
3614,Kevin Dunn,1
3615,Saul J. Turell,1
3616,Julie Anderson,1
3617,Josh Rubin,1
3618,Sarah Share,1
3619,Kevin Brownlow,1
3620,"Shelly Dunn Fremont, Vincent Fremont",1
3621,Alistair Donald,1
3622,Lance Bauscher,1
3623,Bruce Ricker,1
3624,Craig Highberger,1
3625,Kenneth Bowser,2
3626,Susanne Ofteringer,1
3627,Gene Feldman,1
3628,Allan Miller,1
3629,"John Catania, Charles D. Ignacio",1
3630,"Steve Binder, Peter H. Hunt",1
3631,Chris Leavens,1
3632,"Janelle Balnicke, David Kennard",1
3633,Manon Briand,1
3634,Ara Chekmayan,1
3635,Anthony Hemingway,1
3636,Madonna,1
3637,"Brenda Chapman, Steve Hickner, Simon Wells",1
3638,Ami Canaan Mann,1
3639,Sean Mathias,1
3640,Dean Wright,1
3641,Jeremy Sims,1
3642,Billy Ray,2
3643,Mark Christopher,1
3644,Peter H. Hunt,2
3645,Yahoo Serious,1
3646,Jim Van Bebber,1
3647,Nikolaj Arcel,2
3648,"George P. Cosmatos, Kevin Jarre",1
3649,Mark Schmidt,1
3650,"Mike Gabriel, Eric Goldberg",1
3651,Akira Kurosawa,1
3652,Fedor Bondarchuk,1
3653,"Peter Ho-Sun Chan, Wai Man Yip(co-director)",1
3654,David Lean,1
3655,Jean-Marc Vallée,1
3656,Darnell Martin,3
3657,Moustapha Akkad,2
3658,Kevin R. Hershberger,1
3659,Eric Till,3
3660,Juraj Jakubisko,1
3661,Kevin Asch,1
3662,Jonathan auf der Heide,1
3663,James Franco,2
3664,Rob Epstein,1
3665,"Matthew Akers, Jeff Dupre(co-director)",1
3666,Liz Garbus,1
3667,Adrian Moat,1
3668,"Marshall Curry, Sam Cullman(co-director)",1
3669,James Strong,1
3670,Jim Loach,1
3671,T.C. Christensen,1
3672,Paul Sampson,1
3673,Samuel Fischer,1
3674,Lech Majewski,1
3675,Tanner Beard,1
3676,Curt A. Sindelar,1
3677,"Peter C. Spencer, Josiah Spencer(co-director)",1
3678,Renzo Martinelli,2
3679,Constantin Werner,1
3680,Bill Anderson,2
3681,Euzhan Palcy,1
3682,"Paul Humfress, Derek Jarman",1
3683,Philip Saville,1
3684,Adrian Shergold,3
3685,Ermanno Olmi,1
3686,David Miller,1
3687,Charlton Heston,1
3688,Leslie Megahey,1
3689,Gary Weis,1
3690,Claude Chabrol,1
3691,Stuart Cooper,2
3692,"John Hanson, Rob Nilsson",1
3693,Aleksandr Sokurov,1
3694,Ennio De Concini,1
3695,Robert Uth,1
3696,"Ken Burns, Lynn Novick",1
3697,"David Ridgen, Nicolas Rossier",1
3698,Edmon Roch,1
3699,"Angus Gibson, Jo Menell",1
3700,Cass Warner,1
3701,Martin Doblmeier,1
3702,Steven M. Martin,1
3703,Mary McDonagh Murphy,1
3704,Tony Palmer,1
3705,Regardt van den Bergh,1
3706,Bill Brummel,1
3707,"Kevin Brownlow, Michael Kloft",1
3708,George Butler,1
3709,Antony Thomas,1
3710,Luke Walker,1
3711,Beate Petersen,1
3712,Andrew Cappelletti,1
3713,Malcolm Leo,1
3714,"Tchavdar Georgiev, Amanda Pope",1
3715,Ralph Ziman,1
3716,Ann Hu,1
3717,Richard Dale,1
3718,Tsuji Hajiki,1
3719,Bill Plympton,1
3720,Danishka Esterhazy,1
3721,Ludmil Staikov,1
3722,Tony Tew,2
3723,"Stephanie Argy, Alec Boehm",1
3724,Nigel Finch,2
3725,"T.C. Christensen, Gary Cook",1
3726,Tom Logan,1
3727,Kieth Merrill,1
3728,Isao Yukisada,1
3729,Shyam Benegal,1
3730,Qunshu Gao,1
3731,"Danie Joubert, Duncan MacNeillie(co-director)",1
3732,"John Krish, Peter Sykes",1
3733,Igor Auzins,1
3734,Jerry Buteyn,1
3735,Audrius Juzenas,1
3736,Tom Hines,1
3737,Michael Austin,1
3738,Josh Evans,1
3739,Oscar D'Roccster,1
3740,Deborah Warner,2
3741,"John Stockwell, Paulette Victor-Lifton",1
3742,"Laura Dern, Bryce Dallas Howard, Bonnie Hunt, Ashley Judd, Sharon Maguire",1
3743,Nick Lyon,2
3744,Charles Binamé,1
3745,W.D. Hogan,1
3746,Eric Laneuville,2
3747,Robert Dornhelm,2
3748,Michael Nankin,1
3749,Griff Furst,2
3750,Paul Hoen,6
3751,Peter DeLuise,1
3752,Allison Liddi-Brown,1
3753,James Hayman,2
3754,Michael Storey,1
3755,Robert Markowitz,5
3756,Kenneth Johnson,1
3757,David Flores,1
3758,Michael Grossman,2
3759,Ross Katz,1
3760,Lloyd Kramer,2
3761,Jason Hreno,1
3762,Peter Winther,1
3763,Robert Berlinger,1
3764,Jon Jones,4
3765,Clay Weiner,1
3766,Lev L. Spiro,1
3767,Oz Scott,1
3768,"Jim Wheat, Ken Wheat",1
3769,"Steve Binder, David Acomba",1
3770,Vadim Jean,1
3771,Iain B. MacDonald,1
3772,LeVar Burton,1
3773,Harry Harris,1
3774,Larry Shaw,1
3775,Mike Robe,1
3776,John Kent Harrison,4
3777,Michael Landon Jr.,1
3778,"Jane Anderson, Martha Coolidge, Anne Heche",1
3779,D.J. MacHale,1
3780,"Leslie Libman, Larry Williams",2
3781,"Nicholas Corea, Bill Bixby",1
3782,Steven Hilliard Stern,1
3783,David Hare,1
3784,Michael Simon,2
3785,Moira Armstrong,1
3786,Peter Levin,3
3787,Chris Gerolmo,1
3788,Brian Kirk,1
3789,John Bradshaw,1
3790,Ross Shuman,1
3791,Paul Ziller,1
3792,Colm McCarthy,1
3793,Doug Campbell,2
3794,"Adam Nix, Evan Nix",1
3795,Jamie Mitchell,1
3796,Mark Brooks,1
3797,Victor Gonzalez,1
3798,Jeffrey Reiner,1
3799,Michelle Mower,1
3800,Michael Feifer,1
3801,Joe Knee,1
3802,Kate Dennis,1
3803,Jace Alexander,1
3804,James Hawes,2
3805,David Jackson,1
3806,Fuminori Kizaki,1
3807,David S. Cass Sr.,2
3808,Gary Harvey,1
3809,David Attwood,2
3810,Gregory Doran,1
3811,James Steven Sadwith,1
3812,Brent Shields,1
3813,"Robert Hughes, Dan Povenmire",1
3814,Kirk R. Thatcher,2
3815,Marc Daniels,1
3816,Tom Clegg,17
3817,Moisés Kaufman,1
3818,Mariano Barroso,1
3819,Douglas Schwartz,1
3820,Diarmuid Lawrence,1
3821,Andrew Grieve,6
3822,"Curt Geda, Butch Lukic, Dan Riba, Yukio Suzuki",1
3823,Alex Zamm,1
3824,Lawrence O'Neil,1
3825,Herbert Wise,6
3826,Steve Loter,1
3827,Nick Marck,1
3828,Rod Hardy,1
3829,Eriq La Salle,1
3830,Philip Martin,4
3831,Christopher Reeve,1
3832,Richard Clabaugh,1
3833,"Stephen Frears, Martin Pasetta",1
3834,Roland Mesa,1
3835,"Terry Hughes, Harold Prince",1
3836,Marty Callner,4
3837,"Cher, Nancy Savoca",1
3838,Toshihiko Masuda,1
3839,David Wu,1
3840,"Jorge Montesi, Dominique Othenin-Girard",1
3841,"Peter Harris, Eric Till",1
3842,Douglas Camfield,1
3843,Lee Rose,1
3844,Syd Macartney,1
3845,Stuart Margolin,2
3846,Arch Nicholson,1
3847,"Eric Idle, Gary Weis",1
3848,John Newland,1
3849,Andy Wolk,1
3850,Glenn Jordan,6
3851,"Charles A. Nichols, Ray Patterson",1
3852,"John Carpenter, Tobe Hooper, Larry Sulkis",1
3853,Lesley Manning,1
3854,Donald P. Bellisario,1
3855,Brian Mills,1
3856,Bill Bixby,1
3857,Philip DeGuere Jr.,1
3858,Manny Rodriguez,5
3859,Shannon Hartman,6
3860,Charlie Palmer,1
3861,John Strickland,1
3862,Pete Circuitt,1
3863,Richard A. Colla,2
3864,Steven Robman,1
3865,Niall MacCormick,2
3866,Jeremy Lovering,1
3867,Lawrence Schiller,1
3868,Benjamin Ross,1
3869,Richard Boden,1
3870,Raoul Peck,1
3871,Jerry London,2
3872,Robert L. Collins,1
3873,David Wheatley,2
3874,Edward Bazalgette,2
3875,Karen Arthur,1
3876,Douglas Cohen,1
3877,"Marvin J. Chomsky, John Goldsmith",1
3878,Rocco Urbisci,6
3879,Seth Green,3
3880,Chris McKay,1
3881,"Roy Burdine, Lloyd Goldfine(co-director)",1
3882,David Thacker,1
3883,Jigar Talati,1
3884,Alan C. Blomquist,1
3885,Hamish Hamilton,2
3886,John Henderson,1
3887,Michael Elliott,1
3888,Philip Casson,1
3889,"Beth McCarthy-Miller, Jerry Mitchell",1
3890,Alice Huzar,1
3891,"Hamish Hamilton, Steve Webb",1
3892,Stephen Whittaker,1
3893,David Moore,1
3894,David Tucker,1
3895,"Costa Botes, Peter Jackson",1
3896,Ryan Polito,2
3897,Louis J. Horvitz,2
3898,Michael Vejar,1
3899,Paul Wendkos,2
3900,George McCowan,1
3901,Leslie H. Martinson,1
3902,John Llewellyn Moxey,2
3903,Richard Irving,2
3904,Burt Brinckerhoff,1
3905,Lee Philips,1
3906,"Michele L. Band, Larry Jacobs",1
3907,Sarah Pia Anderson,1
3908,Michael Drumm,5
3909,Rodney Gibbons,1
3910,Tim Whitby,1
3911,Julie Dash,1
3912,Boris Sagal,2
3913,Giacomo Battiato,1
3914,Larry Elikann,1
3915,Bill Corcoran,2
3916,Fabrizio Costa,1
3917,Gary Johnstone,1
3918,Robert Day,1
3919,Justin Hardy,1
3920,Paul Wilmshurst,1
3921,David Sheehan,1
3922,Howard Davies,1
3923,Peter Nicholson,1
3924,Stuart Urban,1
3925,Jon Scoffield,1
3926,Lee H. Katzin,1
3927,Philippa Lowthorpe,1
3928,Paul Marcus,1
3929,Bryn Higgins,1
3930,George Veras,1
3931,Terry Johnson,1
3932,Neil Rawles,1
3933,Chris Bould,1
3934,"Karen Disher, Guy Moore",1
3935,Peter Hammond,1
3936,Karen Disher,1
3937,Steven J. Santos,1
3938,"Koreyoshi Kurahara, Roger Spottiswoode",1
3939,"Beth McCarthy-Miller, Dave Wilson",1
3940,Bruce Gowers,1
3941,Andy De Emmony,3
3942,Chris Prynoski,1
3943,Danny Antonucci,1
3944,Ian Sander,1
3945,Alasdair Macmillan,1
3946,Jonathan Miller,4
3947,Mark Hall,1
3948,"Daniel Mann, Joseph Sargent",1
3949,Rodney Bennett,1
3950,John Moffitt,1
3951,Kirk Browning,2
3952,Yasunao Aoki,1
3953,Mario Piluso,1
3954,Roger Holzberg,1
3955,Greg Garrison,1
3956,Ralph Hemecker,1
3957,Bernard McEveety,1
3958,Lonny Price,1
3959,Paul Kafno,2
3960,Jane Howell,4
3961,Paul Seed,1
3962,Lou Antonio,1
3963,"Paul Reubens, Marty Callner",1
3964,James Naughton,1
3965,Charles McDougall,1
3966,John Gorrie,1
3967,"Curt Geda, Scott Jeralds, Dan Riba",1
3968,Kit Hood,1
3969,Elijah Moshinsky,2
3970,Andrew Hutton,1
3971,Debbie Allen,1
3972,Jonny Campbell,1
3973,Nicholas Renton,1
3974,Patrick Reams,1
3975,Don McBrearty,1
3976,Louise Osmond,1
3977,Gary Smith,1
3978,Phil Monroe,1
3979,Kathy Bates,1
3980,John Davies,1
3981,John Sichel,1
3982,Michael Jenkins,1
3983,Simon Cellan Jones,2
3984,"Matthew Diamond, Blake Edwards, Goro Kobayashi",1
3985,Jon East,1
3986,"Hamish Hamilton, Dee Koppang O'Leary",1
3987,Dwight Hemion,1
3988,Michael Landon,1
3989,Michael Stevens,1
3990,Jon Stone,3
3991,Greg Bailey,1
3992,Allen Newman,1
3993,Eric Cochran,1
3994,"Joey Figueroa, Zak Knutson",1
3995,Bobby Roth,1
3996,Norman Stone,1
3997,"Peter Coe, Terry Hughes",1
3998,Richard Michaels,2
3999,Daniel Mann,1
4000,Kenneth Fink,1
4001,Michael Samuels,2
4002,Jack Hofsiss,1
4003,David Giles,4
4004,Patrick Lau,1
4005,Lisa Wolfinger,1
4006,Tim Prokop,1
4007,Russ Mayberry,1
4008,Tim Southam,1
4009,Peter Hoar,1
4010,Arthur Allan Seidelman,1
4011,Edwin Sherin,1
4012,"Richard Dale, Kim Bour, Pamela Gordon, Sally Weale",1
4013,"Phil Roman, Doug Frankel, Bob Scott, Ruth Kissane(co-director), Bill Littlejohn(co-director), Bob Nesler(co-director), George Singer(co-director), John Sparey(co-director)",1
4014,"Al Campbell, Lorry Powles",1
4015,"Steve Clark, Terence Harrison, Alan Zaslove",1
4016,Peter Kay,1
4017,Russell Thomas,1
4018,Donald Crombie,2
4019,"David Copperfield, Peter Care",1
4020,"Kevin Gillis, Paul Schibli",1
4021,Ray Lee,1
4022,Peter Harris,2
4023,Jonas Grimås,1
4024,Don Weiner,1
4025,Jim Fitzpatrick,1
4026,Paul McCartney,1
4027,Anthony Giordano,1
4028,Jackie Cooper,1
4029,"John Moffitt, Jerry Seinfeld",1
4030,Lodovico Gasparini,1
4031,Jessica Hobbs,1
4032,Jack Kenny,1
4033,Simon Dinsell,1
4034,Édouard Lock,1
4035,"Jack Zander, Lars Calonius(co-director)",1
4036,Kevin Billington,1
4037,Dave Unwin,1
4038,"Don Roy King, Eric D. Schaeffer",1
4039,"Wilford Leach, Joshua White",1
4040,Alvin Rakoff,2
4041,"Jim Henson, David G. Hillier",1
4042,Benjamin Caron,2
4043,Stuart Burge,2
4044,Tom Gianas,1
4045,Kenneth Glenaan,1
4046,Mark Haber,1
4047,Lynn-Maree Danzey,1
4048,Geoff Posner,1
4049,Kevin Sullivan,1
4050,"Henry Trotter, Chris Waitt",1
4051,Scott Garen,1
4052,David Richards,1
4053,"Ryan Polito, Jake Szymanski",1
4054,Dennis Kirkland,1
4055,John Kaye Cooper,1
4056,Cherie Nowlan,1
4057,Harvey Medlinsky,1
4058,Dick Bartlett,1
4059,Tony Dow,1
4060,Francis Vose,1
4061,Delyth Thomas,1
4062,James T. Walker,1
4063,Edward Bennett,1
4064,Cilla Ware,1
4065,John Glenister,1
4066,Masaaki Ôsumi,1
4067,"David Coleman, Andy Nyman",1
4068,"Tom Kinninmont, Peter O'Toole",1
4069,John Blanchard,1
4070,Michael Ray Rhodes,1
4071,"Peter Butler, Craig Schaefer",1
4072,Carl Hindmarch,1
4073,Dominic Savage,1
4074,"Rich Arons, Michael Gerard, Rusty Mills, Greg Reyna",1
4075,Leslie Stevens,1
4076,Ryan Coogler,1
4077,Peter Sohn,1
4078,Tim Miller,1
4079,Leslie Dektor,1
4080,"Greg Tiernan, Conrad Vernon",1
4081,Rupert Goold,1
4082,Luca Guadagnino,1
4083,F. Javier Gutiérrez,1
4084,"John Francis Daley, Jonathan Goldstein",2
4085,Andy Serkis,1
4086,"Scott Beck, Bryan Woods",1
4087,"Andrew Stanton, Angus MacLane(co-director)",1
4088,"Alessandro Carloni, Jennifer Yuh Nelson",1
4089,"Mike Mitchell, Walt Dohrn(co-director)",1
4090,Tim Johnson,1
4091,Cedric Nicolas-Troyan,1
4092,Michael Gracey,1
4093,Steven S. DeKnight,1
4094,"Clay Kaytis, Fergal Reilly",1
4095,Jon Watts,1
4096,Christian Ditter,1
4097,Etan Cohen,1
4098,Tom Harper,1
4099,Stephen S. Campanelli,1
4100,"Andrew Mogel, Jarrad Paul",1
4101,Dean DeBlois,1
4102,Nic Mathieu,1
4103,Lee Toland Krieger,1
4104,Woo-Ping Yuen,1
4105,David F. Sandberg,1
4106,Alexandre Moors,1
4107,Ariel Vromen,1
4108,Aleksander Bach,1
4109,Thea Sharrock,1
4110,"Travis Cluff, Chris Lofing",1
4111,Leigh Whannell,1
4112,Elizabeth Banks,1
4113,Ken Scott,1
4114,Gregory Plotkin,1
4115,Robbie Pickering,1
4116,Babak Najafi,1
4117,Christopher Landon,1
4118,Steve Martino,1
4119,Jason Zada,1
4120,Dennis Gansel,1
4121,"Byron Howard, Rich Moore, Jared Bush(co-director)",1
4122,Dave Green,1
4123,"Mike Thurmeier, Galen T. Chu(co-director)",1
4124,Dean Devlin,1
4125,"Ron Clements, John Musker, Don Hall(co-director), Chris Williams(co-director)",1
4126,Jordan Vogt-Roberts,1
4127,"Zebediah De Soto, Krisztian Majdik",1
4128,"Garth Jennings, Christophe Lourdelet(co-director)",1
4129,Travis Knight,1
4130,Denis Villeneuve,3
4131,Dan Trachtenberg,1
4132,Todd McFarlane,1
4133,Roar Uthaug,1
4134,"Guillermo del Toro, Mark Gustafson(co-director)",1
4135,Felix van Groeningen,1
4136,Donovan Marsh,1
4137,"Tom Gianas, Ross Shuman",1
4138,Destin Daniel Cretton,1
4139,Jeremy Garelick,1
4140,Ricardo de Montreuil,1
4141,Jay Martin,1
4142,Julius Sevcík,1
4143,Bradley Cooper,1
4144,John Lee,1
4145,Mathew Cullen,1
4146,Brad Leo Lyon,1
4147,"Aaron Nee, Adam Nee",1
4148,"Kevin Kölsch, Dennis Widmyer",1
4149,Stefano Sollima,1
4150,Christopher Dillon Quinn,1
4151,Gilles Paquet-Brenner,1
4152,Tristan Patterson,1
4153,Nae Caranfil,1
4154,Henry Hobson,1
4155,"Norman Stone, Gary Wing-Lun Mak(co-director)",1
4156,Michael Grandage,1
4157,Jay Oliva,1
4158,Mark Osborne,1
4159,Beth McCarthy-Miller,1
4160,Bradley Kaplan,1
4161,Don Cheadle,1
4162,Andy Goddard,1
4163,Angelina Jolie,1
4164,Josh Boone,1
4165,Chad Stahelski,1
